{
   "Changes": [
   //Replace Mode  
   
   //Adjustments for Furniture
      {
	"Action": "EditData",
	"Target": "Data/Furniture",
	"Fields": {
 	"1280": { 
 			1: "dresser",
		},
	},
	},	
      {	
	"Action": "EditData",
	"Target": "Data/Furniture",
	"Fields": {
 	"1371": { 
 			3: "2 1",
		},
	},
	},	
   //Vanilla Furniture
      {
		 "LogName": "Wooden Chairs",
         "Action": "EditImage",
         "Target": "TileSheets/furniture",
         "FromFile": "assets/furniture.png",
         "FromArea": { "X": 0, "Y": 0, "Width": 144, "Height": 32 },
		 "ToArea": { "X": 0, "Y": 0, "Width": 144, "Height": 32 },
      },
      {
		 "LogName": "Dinner Chairs",
         "Action": "EditImage",
         "Target": "TileSheets/furniture",
         "FromFile": "assets/furniture.png",
         "FromArea": { "X": 192, "Y": 0, "Width": 48, "Height": 32 },
		 "ToArea": { "X": 192, "Y": 0, "Width": 48, "Height": 32 },
      },	  
      {
		 "LogName": "Benches",
         "Action": "EditImage",
         "Target": "TileSheets/furniture",
         "FromFile": "assets/furniture.png",
         "FromArea": { "X": 0, "Y": 96, "Width": 240, "Height": 48 },
		 "ToArea": { "X": 0, "Y": 96, "Width": 240, "Height": 48 },
      },
      {
		 "LogName": "Armchair",
         "Action": "EditImage",
         "Target": "TileSheets/furniture",
         "FromFile": "assets/furniture.png",
         "FromArea": { "X": 0, "Y": 144, "Width": 96, "Height": 32 },
		 "ToArea": { "X": 0, "Y": 144, "Width": 96, "Height": 32 },
      },
      {
		 "LogName": "Dressers",
         "Action": "EditImage",
         "Target": "TileSheets/furniture",
         "FromFile": "assets/furniture.png",
         "FromArea": { "X": 0, "Y": 352, "Width": 160, "Height": 48 },
		 "ToArea": { "X": 0, "Y": 352, "Width": 160, "Height": 48 },
      }, 	 
      {
		 "LogName": "Tables",
         "Action": "EditImage",
         "Target": "TileSheets/furniture",
         "FromFile": "assets/furniture.png",
         "FromArea": { "X": 0, "Y": 560, "Width": 224, "Height": 48 },
		 "ToArea": { "X": 0, "Y": 560, "Width": 224, "Height": 48 },
      },
      {
		 "LogName": "Tea-Tables",
         "Action": "EditImage",
         "Target": "TileSheets/furniture",
         "FromFile": "assets/furniture.png",
         "FromArea": { "X": 0, "Y": 608, "Width": 64, "Height": 32 },
		 "ToArea": { "X": 0, "Y": 608, "Width": 64, "Height": 32 },
      },
      {
		 "LogName": "Tea-Tables",
         "Action": "EditImage",
         "Target": "TileSheets/furniture",
         "FromFile": "assets/furniture.png",
         "FromArea": { "X": 0, "Y": 608, "Width": 64, "Height": 32 },
		 "ToArea": { "X": 0, "Y": 608, "Width": 64, "Height": 32 },
      },
      {
		 "LogName": "Furniture Catalogue",
         "Action": "EditImage",
         "Target": "TileSheets/furniture",
         "FromFile": "assets/furniture.png",
         "FromArea": { "X": 160, "Y": 608, "Width": 32, "Height": 32 },
		 "ToArea": { "X": 160, "Y": 608, "Width": 32, "Height": 32 },
      },
      {
		 "LogName": "Cabinets＆Bookcases",
         "Action": "EditImage",
         "Target": "TileSheets/furniture",
         "FromFile": "assets/furniture.png",
         "FromArea": { "X": 0, "Y": 640, "Width": 176, "Height": 48 },
		 "ToArea": { "X": 0, "Y": 640, "Width": 176, "Height": 48 },
      }, 
      {
		 "LogName": "Miscs",
         "Action": "EditImage",
         "Target": "TileSheets/furniture",
         "FromFile": "assets/furniture.png",
         "FromArea": { "X":176, "Y": 640, "Width": 32, "Height": 48 },
		 "ToArea": { "X":176, "Y": 640, "Width": 32, "Height": 48 },
      },
      {
		 "LogName": "Statues",
         "Action": "EditImage",
         "Target": "TileSheets/furniture",
         "FromFile": "assets/furniture.png",
         "FromArea": { "X":384, "Y": 640, "Width": 32, "Height": 32 },
		 "ToArea": { "X":384, "Y": 640, "Width": 32, "Height": 32 },
      }, 
      {
		 "LogName": "Wallpaper Catalogue",
         "Action": "EditImage",
         "Target": "TileSheets/furniture",
         "FromFile": "assets/furniture.png",
         "FromArea": { "X":448, "Y": 640, "Width": 16, "Height": 32 },
		 "ToArea": { "X":448, "Y": 640, "Width": 16, "Height": 32 },
      }, 
      {
		 "LogName": "Plants",
         "Action": "EditImage",
         "Target": "TileSheets/furniture",
         "FromFile": "assets/furniture.png",
         "FromArea": { "X":0, "Y": 688, "Width": 64, "Height": 32 },
		 "ToArea": { "X":0, "Y": 688, "Width": 64, "Height": 32 },
      },
      {
		 "LogName": "End Tables",
         "Action": "EditImage",
         "Target": "TileSheets/furniture",
         "FromFile": "assets/furniture.png",
         "FromArea": { "X":240, "Y": 688, "Width": 64, "Height": 32 },
		 "ToArea": { "X":240, "Y": 688, "Width": 64, "Height": 32 },
      }, 
      {
		 "LogName": "Big Statue",
         "Action": "EditImage",
         "Target": "TileSheets/furniture",
         "FromFile": "assets/furniture.png",
         "FromArea": { "X":432, "Y": 672, "Width": 32, "Height": 48 },
		 "ToArea": { "X":432, "Y": 672, "Width": 32, "Height": 48 },
      },
      {
		 "LogName": "Lamps",
         "Action": "EditImage",
         "Target": "TileSheets/furniture",
         "FromFile": "assets/furniture.png",
         "FromArea": { "X":48, "Y": 720, "Width": 64, "Height": 48 },
		 "ToArea": { "X":48, "Y": 720, "Width": 64, "Height": 48 },
      }, 
      {
		 "LogName": "Budget Tv",
         "Action": "EditImage",
         "Target": "TileSheets/furniture",
         "FromFile": "assets/furniture.png",
         "FromArea": { "X":416, "Y": 720, "Width": 32, "Height": 48 },
		 "ToArea": { "X":416, "Y": 720, "Width": 32, "Height": 48 },
      }, 
      {
		 "LogName": "Paintings",
         "Action": "EditImage",
         "Target": "TileSheets/furniture",
         "FromFile": "assets/furniture.png",
         "FromArea": { "X":48, "Y": 768, "Width": 96, "Height": 32 },
		 "ToArea": { "X":48, "Y": 768, "Width": 96, "Height": 32 },
      },
      {
		 "LogName": "Small Paintings",
         "Action": "EditImage",
         "Target": "TileSheets/furniture",
         "FromFile": "assets/furniture.png",
         "FromArea": { "X":96, "Y": 800, "Width": 16, "Height": 32 },
		 "ToArea": { "X":96, "Y": 800, "Width": 16, "Height": 32 },
      },
      {
		 "LogName": "Basic＆Small Windows",
         "Action": "EditImage",
         "Target": "TileSheets/furniture",
         "FromFile": "assets/furniture.png",
         "FromArea": { "X":224, "Y": 800, "Width": 64, "Height": 32 },
		 "ToArea": { "X":224, "Y": 800, "Width": 64, "Height": 32 },
      },	  
      {
		 "LogName": "Porthole",
         "Action": "EditImage",
         "Target": "TileSheets/furniture",
         "FromFile": "assets/furniture.png",
         "FromArea": { "X":144, "Y": 832, "Width": 32, "Height": 32 },
		 "ToArea": { "X":144, "Y": 832, "Width": 32, "Height": 32 },
      }, 	  
	   {
		 "LogName": "Floor Tv",
         "Action": "EditImage",
         "Target": "TileSheets/furniture",
         "FromFile": "assets/furniture.png",
         "FromArea": { "X":256, "Y": 832, "Width": 32, "Height": 32 },
		 "ToArea": { "X":256, "Y": 832, "Width": 32, "Height": 32 },
      },
	   {
		 "LogName": "Metal Window",
         "Action": "EditImage",
         "Target": "TileSheets/furniture",
         "FromFile": "assets/furniture.png",
         "FromArea": { "X":336, "Y": 864, "Width": 32, "Height": 32 },
		 "ToArea": { "X":336, "Y": 864, "Width": 32, "Height": 32 },
      },
	   {
		 "LogName": "Bamboo Mat",
         "Action": "EditImage",
         "Target": "TileSheets/furniture",
         "FromFile": "assets/furniture.png",
         "FromArea": { "X":432, "Y": 864, "Width": 48, "Height": 32 },
		 "ToArea": { "X":432, "Y": 864, "Width": 48, "Height": 32 },
      }, 
	   {
		 "LogName": "Beds",
         "Action": "EditImage",
         "Target": "TileSheets/furniture",
         "FromFile": "assets/furniture.png",
         "FromArea": { "X":0, "Y": 1024, "Width": 160, "Height": 64 },
		 "ToArea": { "X":0, "Y": 1024, "Width": 160, "Height": 64 },
      }, 
	   {
		 "LogName": "Large Fish Tank",
         "Action": "EditImage",
         "Target": "TileSheets/furniture",
         "FromFile": "assets/furniture.png",
         "FromArea": { "X":0, "Y": 1152, "Width": 128, "Height": 48 },
		 "ToArea": { "X":0, "Y": 1152, "Width": 128, "Height": 48 },
      }, 
	   {
		 "LogName": "Small Fish Tank",
         "Action": "EditImage",
         "Target": "TileSheets/furniture",
         "FromFile": "assets/furniture.png",
         "FromArea": { "X":288, "Y": 1152, "Width": 64, "Height": 48 },
		 "ToArea": { "X":288, "Y": 1152, "Width": 64, "Height": 48 },
      },
	   {
		 "LogName": "Floor Dividers",
         "Action": "EditImage",
         "Target": "TileSheets/furniture",
         "FromFile": "assets/furniture.png",
         "FromArea": { "X":304, "Y": 1312, "Width": 96, "Height": 32 },
		 "ToArea": { "X":304, "Y": 1312, "Width": 96, "Height": 32 },
      },
	   {
		 "LogName": "Wall Sconce R",
         "Action": "EditImage",
         "Target": "TileSheets/furniture",
         "FromFile": "assets/furniture.png",
         "FromArea": { "X":448, "Y": 1360, "Width": 32, "Height": 48 },
		 "ToArea": { "X":448, "Y": 1360, "Width": 32, "Height": 48 },
      },
   //Furniture Front  
      {
		 "LogName": "Wooden Chairs Front",
         "Action": "EditImage",
         "Target": "TileSheets/furnitureFront",
         "FromFile": "assets/furnitureFront.png",
         "FromArea": { "X": 0, "Y": 0, "Width": 144, "Height": 32 },
		 "ToArea": { "X": 0, "Y": 0, "Width": 144, "Height": 32 },
      },
      {
		 "LogName": "Dinner Chairs Front",
         "Action": "EditImage",
         "Target": "TileSheets/furnitureFront",
         "FromFile": "assets/furnitureFront.png",
         "FromArea": { "X": 192, "Y": 0, "Width": 48, "Height": 32 },
		 "ToArea": { "X": 192, "Y": 0, "Width": 48, "Height": 32 },
      },	  
      {
		 "LogName": "Benches Front",
         "Action": "EditImage",
         "Target": "TileSheets/furnitureFront",
         "FromFile": "assets/furnitureFront.png",
         "FromArea": { "X": 0, "Y": 96, "Width": 240, "Height": 48 },
		 "ToArea": { "X": 0, "Y": 96, "Width": 240, "Height": 48 },
      },
      {
		 "LogName": "Armchair Front",
         "Action": "EditImage",
         "Target": "TileSheets/furnitureFront",
         "FromFile": "assets/furnitureFront.png",
         "FromArea": { "X": 0, "Y": 144, "Width": 96, "Height": 32 },
		 "ToArea": { "X": 0, "Y": 144, "Width": 96, "Height": 32 },
      },   
   ]
}