{
    "Changes": [	     	
    //Furniture Addon Mode
	
	//Texture
       {
        "Action": "Load",
        "Target": "Mods/[CP] Nostalgic Old Furniture Collection/assets/furniture_addon",
        "FromFile": "assets/furniture_addon.png"
        },
       {
        "Action": "Load",
        "Target": "Mods/[CP] Nostalgic Old Furniture Collection/assets/furniture_addonFront",
        "FromFile": "assets/furniture_addonFront.png"
        }, 	
	//Chairs	
        {
            "Action": "EditData",
            "Target": "Data/Furniture",
            "Entries": {
            "[CP] Nostalgic Old Furniture Collection.Chair1": "Chair1/chair/1 2/1 1/4/350/2/{{i18n:Chair1}}/0/Mods\\[CP] Nostalgic Old Furniture Collection\\assets\\furniture_addon",
	     },
	},
        {
            "Action": "EditData",
            "Target": "Data/Furniture",
            "Entries": {
            "[CP] Nostalgic Old Furniture Collection.Chair2": "Chair2/chair/1 2/1 1/4/350/2/{{i18n:Chair2}}/3/Mods\\[CP] Nostalgic Old Furniture Collection\\assets\\furniture_addon",
	     },
	},
        {
            "Action": "EditData",
            "Target": "Data/Furniture",
            "Entries": {
            "[CP] Nostalgic Old Furniture Collection.Chair3": "Chair3/chair/1 2/1 1/4/350/2/{{i18n:Chair3}}/6/Mods\\[CP] Nostalgic Old Furniture Collection\\assets\\furniture_addon",
	     },
	},
    {
            "Action": "EditData",
            "Target": "Data/Furniture",
            "Entries": {
            "[CP] Nostalgic Old Furniture Collection.Chair4": "Chair4/chair/1 2/1 1/4/350/2/{{i18n:Chair4}}/9/Mods\\[CP] Nostalgic Old Furniture Collection\\assets\\furniture_addon",
	     },
	},
    //Benches
    {
            "Action": "EditData",
            "Target": "Data/Furniture",
            "Entries": {
            "[CP] Nostalgic Old Furniture Collection.Bench1": "Bench1/bench/2 2/2 1/4/750/2/{{i18n:Bench1}}/128/Mods\\[CP] Nostalgic Old Furniture Collection\\assets\\furniture_addon",
	     },
	},
    {
            "Action": "EditData",
            "Target": "Data/Furniture",
            "Entries": {
            "[CP] Nostalgic Old Furniture Collection.Bench2": "Bench2/bench/2 2/2 1/4/750/2/{{i18n:Bench2}}/133/Mods\\[CP] Nostalgic Old Furniture Collection\\assets\\furniture_addon",
	     },
	},
    {
            "Action": "EditData",
            "Target": "Data/Furniture",
            "Entries": {
            "[CP] Nostalgic Old Furniture Collection.Bench3": "Bench3/bench/2 2/2 1/4/750/2/{{i18n:Bench3}}/138/Mods\\[CP] Nostalgic Old Furniture Collection\\assets\\furniture_addon",
	     },
	},
	//Armchair
    {
            "Action": "EditData",
            "Target": "Data/Furniture",
            "Entries": {
            "[CP] Nostalgic Old Furniture Collection.Armchair1": "Armchair1/armchair/2 2/2 1/4/750/2/{{i18n:Armchair1}}/224/Mods\\[CP] Nostalgic Old Furniture Collection\\assets\\furniture_addon",
	     },
	},
	//Dressers
    {
            "Action": "EditData",
            "Target": "Data/Furniture",
            "Entries": {
            "[CP] Nostalgic Old Furniture Collection.Dresser1": "Dresser1/dresser/2 2/2 1/4/3000/2/{{i18n:Dresser1}}/288/Mods\\[CP] Nostalgic Old Furniture Collection\\assets\\furniture_addon",
	     },		 
	},
    {
            "Action": "EditData",
            "Target": "Data/Furniture",
            "Entries": {
            "[CP] Nostalgic Old Furniture Collection.Dresser2": "Dresser2/dresser/2 2/2 1/4/3000/2/{{i18n:Dresser2}}/293/Mods\\[CP] Nostalgic Old Furniture Collection\\assets\\furniture_addon",
	     },		 
	},
   {
            "Action": "EditData",
            "Target": "Data/Furniture",
            "Entries": {
            "[CP] Nostalgic Old Furniture Collection.Dresser3": "Dresser3/dresser/3 3/3 1/1/5000/2/{{i18n:Dresser3}}/384/Mods\\[CP] Nostalgic Old Furniture Collection\\assets\\furniture_addon",
	     },		 
	},
   {
            "Action": "EditData",
            "Target": "Data/Furniture",
            "Entries": {
            "[CP] Nostalgic Old Furniture Collection.Dresser4": "Dresser4/dresser/2 3/2 1/1/3000/2/{{i18n:Dresser4}}/393/Mods\\[CP] Nostalgic Old Furniture Collection\\assets\\furniture_addon",
	     },		 
	},		
	//Plants
    {
            "Action": "EditData",
            "Target": "Data/Furniture",
            "Entries": {
            "[CP] Nostalgic Old Furniture Collection.Plant1": "Plant1/decor/1 2/1 1/1/250/2/{{i18n:Plant1}}/64/Mods\\[CP] Nostalgic Old Furniture Collection\\assets\\furniture_addon",
	     },		 
	},
    {
            "Action": "EditData",
            "Target": "Data/Furniture",
            "Entries": {
            "[CP] Nostalgic Old Furniture Collection.Plant2": "Plant2/decor/1 2/1 1/1/250/2/{{i18n:Plant2}}/65/Mods\\[CP] Nostalgic Old Furniture Collection\\assets\\furniture_addon",
	     },		 
	},
    {
            "Action": "EditData",
            "Target": "Data/Furniture",
            "Entries": {
            "[CP] Nostalgic Old Furniture Collection.Plant3": "Plant3/decor/1 2/1 1/1/250/2/{{i18n:Plant3}}/66/Mods\\[CP] Nostalgic Old Furniture Collection\\assets\\furniture_addon",
	     },		 
	},
    {
            "Action": "EditData",
            "Target": "Data/Furniture",
            "Entries": {
            "[CP] Nostalgic Old Furniture Collection.Plant4": "Plant4/decor/1 2/1 1/1/250/2/{{i18n:Plant4}}/67/Mods\\[CP] Nostalgic Old Furniture Collection\\assets\\furniture_addon",
	     },		 
	},
	//Decors
    {
            "Action": "EditData",
            "Target": "Data/Furniture",
            "Entries": {
            "[CP] Nostalgic Old Furniture Collection.Decor1": "Decor1/decor/1 2/1 1/1/250/2/{{i18n:Decor1}}/76/Mods\\[CP] Nostalgic Old Furniture Collection\\assets\\furniture_addon",
	     },		 
	},
    {
            "Action": "EditData",
            "Target": "Data/Furniture",
            "Entries": {
            "[CP] Nostalgic Old Furniture Collection.Decor2": "Decor2/decor/1 2/1 1/1/250/2/{{i18n:Decor2}}/77/Mods\\[CP] Nostalgic Old Furniture Collection\\assets\\furniture_addon",
	     },		 
	},
    {
            "Action": "EditData",
            "Target": "Data/Furniture",
            "Entries": {
            "[CP] Nostalgic Old Furniture Collection.Decor3": "Decor3/decor/2 3/2 1/1/3000/2/{{i18n:Decor3}}/387/Mods\\[CP] Nostalgic Old Furniture Collection\\assets\\furniture_addon",
	     },		 
	},
    {
            "Action": "EditData",
            "Target": "Data/Furniture",
            "Entries": {
            "[CP] Nostalgic Old Furniture Collection.Decor4": "Decor4/decor/2 3/2 1/1/3000/2/{{i18n:Decor4}}/389/Mods\\[CP] Nostalgic Old Furniture Collection\\assets\\furniture_addon",
	     },		 
	},
    {
            "Action": "EditData",
            "Target": "Data/Furniture",
            "Entries": {
            "[CP] Nostalgic Old Furniture Collection.Decor5": "Decor5/decor/1 3/1 1/1/1000/2/{{i18n:Decor5}}/395/Mods\\[CP] Nostalgic Old Furniture Collection\\assets\\furniture_addon",
	     },		 
	},
    {
            "Action": "EditData",
            "Target": "Data/Furniture",
            "Entries": {
            "[CP] Nostalgic Old Furniture Collection.Decor6": "Decor6/decor/1 3/1 1/1/1000/2/{{i18n:Decor6}}/396/Mods\\[CP] Nostalgic Old Furniture Collection\\assets\\furniture_addon",
	     },		 
	},
   {
            "Action": "EditData",
            "Target": "Data/Furniture",
            "Entries": {
            "[CP] Nostalgic Old Furniture Collection.Decor7": "Decor7/decor/2 3/2 1/1/1000/2/{{i18n:Decor7}}/432/Mods\\[CP] Nostalgic Old Furniture Collection\\assets\\furniture_addon",
	     },		 
	},	
	//Bookcases
    {
            "Action": "EditData",
            "Target": "Data/Furniture",
            "Entries": {
            "[CP] Nostalgic Old Furniture Collection.Bookcase1": "Bookcase1/bookcase/2 3/2 1/1/3000/2/{{i18n:Bookcase1}}/391/Mods\\[CP] Nostalgic Old Furniture Collection\\assets\\furniture_addon",
	     },		 
	},	
    //Lamps
    {
            "Action": "EditData",
            "Target": "Data/Furniture",
            "Entries": {
            "[CP] Nostalgic Old Furniture Collection.Lamp1": "Lamp1/lamp/1 2/1 1/1/750/2/{{i18n:Lamp1}}/68/Mods\\[CP] Nostalgic Old Furniture Collection\\assets\\furniture_addon",
	     },		 
	},
    {
            "Action": "EditData",
            "Target": "Data/Furniture",
            "Entries": {
            "[CP] Nostalgic Old Furniture Collection.Lamp2": "Lamp2/lamp/1 2/1 1/1/750/2/{{i18n:Lamp2}}/70/Mods\\[CP] Nostalgic Old Furniture Collection\\assets\\furniture_addon",
	     },		 
	},
	//WallSconces
    {
            "Action": "EditData",
            "Target": "Data/Furniture",
            "Entries": {
            "[CP] Nostalgic Old Furniture Collection.WallSconce1": "WallSconce1/sconce/1 2/1 2/1/500/2/{{i18n:WallSconce1}}/614/Mods\\[CP] Nostalgic Old Furniture Collection\\assets\\furniture_addon",
	     },		 
	},
    {
            "Action": "EditData",
            "Target": "Data/Furniture",
            "Entries": {
            "[CP] Nostalgic Old Furniture Collection.WallSconce2": "WallSconce2/sconce/1 2/1 2/1/500/2/{{i18n:WallSconce2}}/678/Mods\\[CP] Nostalgic Old Furniture Collection\\assets\\furniture_addon",
	     },		 
	},		
	//End Tables
    {
            "Action": "EditData",
            "Target": "Data/Furniture",
            "Entries": {
            "[CP] Nostalgic Old Furniture Collection.EndTable1": "EndTable1/table/1 2/1 1/2/500/2/{{i18n:EndTable1}}/72/Mods\\[CP] Nostalgic Old Furniture Collection\\assets\\furniture_addon",
	     },		 
	},
    {
            "Action": "EditData",
            "Target": "Data/Furniture",
            "Entries": {
            "[CP] Nostalgic Old Furniture Collection.EndTable2": "EndTable2/table/1 2/1 1/2/500/2/{{i18n:EndTable2}}/74/Mods\\[CP] Nostalgic Old Furniture Collection\\assets\\furniture_addon",
	     },		 
	},
    {
            "Action": "EditData",
            "Target": "Data/Furniture",
            "Entries": {
            "[CP] Nostalgic Old Furniture Collection.EndTable3": "EndTable3/table/1 2/1 1/1/500/2/{{i18n:EndTable3}}/78/Mods\\[CP] Nostalgic Old Furniture Collection\\assets\\furniture_addon",
	     },		 
	},	
	//Tables
    {
            "Action": "EditData",
            "Target": "Data/Furniture",
            "Entries": {
            "[CP] Nostalgic Old Furniture Collection.Table1": "Table1/table/2 3/2 2/1/750/2/{{i18n:Table1}}/266/Mods\\[CP] Nostalgic Old Furniture Collection\\assets\\furniture_addon",
	     },		 
	},
    {
            "Action": "EditData",
            "Target": "Data/Furniture",
            "Entries": {
            "[CP] Nostalgic Old Furniture Collection.Table2": "Table2/table/2 3/2 2/1/750/2/{{i18n:Table2}}/268/Mods\\[CP] Nostalgic Old Furniture Collection\\assets\\furniture_addon",
	     },		 
	},
   {
            "Action": "EditData",
            "Target": "Data/Furniture",
            "Entries": {
            "[CP] Nostalgic Old Furniture Collection.Table3": "Table3/table/2 3/2 2/1/750/2/{{i18n:Table3}}/270/Mods\\[CP] Nostalgic Old Furniture Collection\\assets\\furniture_addon",
	     },		 
	},
   {
            "Action": "EditData",
            "Target": "Data/Furniture",
            "Entries": {
            "[CP] Nostalgic Old Furniture Collection.Table4": "Table4/table/2 3/2 2/1/750/2/{{i18n:Table4}}/272/Mods\\[CP] Nostalgic Old Furniture Collection\\assets\\furniture_addon",
	     },		 
	},
   {
            "Action": "EditData",
            "Target": "Data/Furniture",
            "Entries": {
            "[CP] Nostalgic Old Furniture Collection.Table5": "Table5/table/2 3/2 2/1/750/2/{{i18n:Table5}}/274/Mods\\[CP] Nostalgic Old Furniture Collection\\assets\\furniture_addon",
	     },		 
	},
   {
            "Action": "EditData",
            "Target": "Data/Furniture",
            "Entries": {
            "[CP] Nostalgic Old Furniture Collection.Table6": "Table6/table/2 3/2 2/1/750/2/{{i18n:Table6}}/276/Mods\\[CP] Nostalgic Old Furniture Collection\\assets\\furniture_addon",
	     },		 
	},
   {
            "Action": "EditData",
            "Target": "Data/Furniture",
            "Entries": {
            "[CP] Nostalgic Old Furniture Collection.Table7": "Table7/table/2 3/2 2/1/750/2/{{i18n:Table7}}/278/Mods\\[CP] Nostalgic Old Furniture Collection\\assets\\furniture_addon",
	     },		 
	},
	//Tea-Tables
   {
            "Action": "EditData",
            "Target": "Data/Furniture",
            "Entries": {
            "[CP] Nostalgic Old Furniture Collection.Tea-Table1": "Tea-Table1/table/2 2/2 2/1/750/2/{{i18n:Tea-Table1}}/312/Mods\\[CP] Nostalgic Old Furniture Collection\\assets\\furniture_addon",
	     },		 
	},
   {
            "Action": "EditData",
            "Target": "Data/Furniture",
            "Entries": {
            "[CP] Nostalgic Old Furniture Collection.Tea-Table2": "Tea-Table2/table/2 2/2 2/1/750/2/{{i18n:Tea-Table2}}/314/Mods\\[CP] Nostalgic Old Furniture Collection\\assets\\furniture_addon",
	     },		 
	},
   {
            "Action": "EditData",
            "Target": "Data/Furniture",
            "Entries": {
            "[CP] Nostalgic Old Furniture Collection.Tea-Table3": "Tea-Table3/table/2 2/2 2/1/750/2/{{i18n:Tea-Table3}}/316/Mods\\[CP] Nostalgic Old Furniture Collection\\assets\\furniture_addon",
	     },		 
	},
    //Paintings
   {
            "Action": "EditData",
            "Target": "Data/Furniture",
            "Entries": {
            "[CP] Nostalgic Old Furniture Collection.Painting1": "Painting1/painting/2 2/2 2/1/1200/2/{{i18n:Painting1}}/365/Mods\\[CP] Nostalgic Old Furniture Collection\\assets\\furniture_addon",
	     },		 
	},
   {
            "Action": "EditData",
            "Target": "Data/Furniture",
            "Entries": {
            "[CP] Nostalgic Old Furniture Collection.Painting2": "Painting2/painting/2 2/2 2/1/1200/2/{{i18n:Painting2}}/367/Mods\\[CP] Nostalgic Old Furniture Collection\\assets\\furniture_addon",
	     },		 
	},
   {
            "Action": "EditData",
            "Target": "Data/Furniture",
            "Entries": {
            "[CP] Nostalgic Old Furniture Collection.Painting3": "Painting3/painting/2 2/2 2/1/1200/2/{{i18n:Painting3}}/369/Mods\\[CP] Nostalgic Old Furniture Collection\\assets\\furniture_addon",
	     },		 
	},
   {
            "Action": "EditData",
            "Target": "Data/Furniture",
            "Entries": {
            "[CP] Nostalgic Old Furniture Collection.Painting4": "Painting4/painting/1 2/1 2/1/800/2/{{i18n:Painting4}}/429/Mods\\[CP] Nostalgic Old Furniture Collection\\assets\\furniture_addon",
	     },		 
	},	
	//Windows
   {
            "Action": "EditData",
            "Target": "Data/Furniture",
            "Entries": {
            "[CP] Nostalgic Old Furniture Collection.Window1": "Window1/window/1 2/1 2/1/300/2/{{i18n:Window1}}/430/Mods\\[CP] Nostalgic Old Furniture Collection\\assets\\furniture_addon",
	     },		 
	},
   {
            "Action": "EditData",
            "Target": "Data/Furniture",
            "Entries": {
            "[CP] Nostalgic Old Furniture Collection.Window2": "Window2/window/1 2/1 2/1/300/2/{{i18n:Window2}}/467/Mods\\[CP] Nostalgic Old Furniture Collection\\assets\\furniture_addon",
	     },		 
	},	
   {
            "Action": "EditData",
            "Target": "Data/Furniture",
            "Entries": {
            "[CP] Nostalgic Old Furniture Collection.Window3": "Window3/window/1 2/1 2/1/300/2/{{i18n:Window3}}/469/Mods\\[CP] Nostalgic Old Furniture Collection\\assets\\furniture_addon",
	     },		 
	},	
   {
            "Action": "EditData",
            "Target": "Data/Furniture",
            "Entries": {
            "[CP] Nostalgic Old Furniture Collection.Window4": "Window4/window/1 2/1 2/1/300/2/{{i18n:Window4}}/471/Mods\\[CP] Nostalgic Old Furniture Collection\\assets\\furniture_addon",
	     },		 
	},
	//Beds
   {
            "Action": "EditData",
            "Target": "Data/Furniture",
            "Entries": {
            "[CP] Nostalgic Old Furniture Collection.Bed1": "Bed1/bed/2 4/2 3/1/500/2/{{i18n:Bed1}}/480/Mods\\[CP] Nostalgic Old Furniture Collection\\assets\\furniture_addon",
	     },		 
	},
   {
            "Action": "EditData",
            "Target": "Data/Furniture",
            "Entries": {
            "[CP] Nostalgic Old Furniture Collection.Bed2": "Bed2/bed/3 4/3 3/1/500/2/{{i18n:Bed2}}/484/Mods\\[CP] Nostalgic Old Furniture Collection\\assets\\furniture_addon",
	     },		 
	},	
    //Rugs	
   {
            "Action": "EditData",
            "Target": "Data/Furniture",
            "Entries": {
            "[CP] Nostalgic Old Furniture Collection.Rug1": "Rug1/rug/2 1/2 1/2/500/2/{{i18n:Rug1}}/404/Mods\\[CP] Nostalgic Old Furniture Collection\\assets\\furniture_addon",
	     },		 
	},
   {
            "Action": "EditData",
            "Target": "Data/Furniture",
            "Entries": {
            "[CP] Nostalgic Old Furniture Collection.Rug2": "Rug2/rug/1 2/1 2/1/500/2/{{i18n:Rug2}}/640/Mods\\[CP] Nostalgic Old Furniture Collection\\assets\\furniture_addon",
	     },		 
	},
   {
            "Action": "EditData",
            "Target": "Data/Furniture",
            "Entries": {
            "[CP] Nostalgic Old Furniture Collection.Rug3": "Rug3/rug/1 2/1 2/1/500/2/{{i18n:Rug3}}/641/Mods\\[CP] Nostalgic Old Furniture Collection\\assets\\furniture_addon",
	     },		 
	},
   {
            "Action": "EditData",
            "Target": "Data/Furniture",
            "Entries": {
            "[CP] Nostalgic Old Furniture Collection.Rug4": "Rug4/rug/1 2/1 2/1/500/2/{{i18n:Rug4}}/642/Mods\\[CP] Nostalgic Old Furniture Collection\\assets\\furniture_addon",
	     },		 
	},
   {
            "Action": "EditData",
            "Target": "Data/Furniture",
            "Entries": {
            "[CP] Nostalgic Old Furniture Collection.Rug5": "Rug5/rug/1 2/1 2/1/500/2/{{i18n:Rug5}}/643/Mods\\[CP] Nostalgic Old Furniture Collection\\assets\\furniture_addon",
	     },		 
	},	
   {
            "Action": "EditData",
            "Target": "Data/Furniture",
            "Entries": {
            "[CP] Nostalgic Old Furniture Collection.Rug6": "Rug6/rug/1 2/1 2/1/500/2/{{i18n:Rug6}}/644/Mods\\[CP] Nostalgic Old Furniture Collection\\assets\\furniture_addon",
	     },		 
	},	
   {
            "Action": "EditData",
            "Target": "Data/Furniture",
            "Entries": {
            "[CP] Nostalgic Old Furniture Collection.Rug7": "Rug7/rug/1 2/1 2/1/500/2/{{i18n:Rug7}}/645/Mods\\[CP] Nostalgic Old Furniture Collection\\assets\\furniture_addon",
	     },		 
	},	
	//Temporary Decor
   {
            "Action": "EditData",
            "Target": "Data/Furniture",
            "Entries": {
            "[CP] Nostalgic Old Furniture Collection.Decor8": "Decor8/decor/2 3/2 1/1/1000/2/{{i18n:Decor8}}/522/Mods\\[CP] Nostalgic Old Furniture Collection\\assets\\furniture_addon",
	     },		 
	},
   {
            "Action": "EditData",
            "Target": "Data/Furniture",
            "Entries": {
            "[CP] Nostalgic Old Furniture Collection.Decor9": "Decor9/decor/4 3/4 1/1/2000/2/{{i18n:Decor9}}/616/Mods\\[CP] Nostalgic Old Furniture Collection\\assets\\furniture_addon",
	     },		 
	},
   {
            "Action": "EditData",
            "Target": "Data/Furniture",
            "Entries": {
            "[CP] Nostalgic Old Furniture Collection.Decor10": "Decor10/decor/2 2/2 1/1/1000/2/{{i18n:Decor10}}/558/Mods\\[CP] Nostalgic Old Furniture Collection\\assets\\furniture_addon",
	     },		 
	},
   {
            "Action": "EditData",
            "Target": "Data/Furniture",
            "Entries": {
            "[CP] Nostalgic Old Furniture Collection.Decor11": "Decor11/decor/2 3/2 1/1/2000/2/{{i18n:Decor11}}/528/Mods\\[CP] Nostalgic Old Furniture Collection\\assets\\furniture_addon",
	     },		 
	},		
	]
}