{
    "Changes": [
        		//Make Custom Minecart system for fast travel around the farm
		{	
            "Action":"EditData",
            "Target":"Data/Minecarts",
            "Entries":{
                "HoneyCreek_Warps":{
                    "ChooseDestinationMessage":"{{i18n:ui.warp.choose}}",
                    "Destinations":[
                        {
                            "Id":"HoneyCreekNE",
                            "DisplayName":"{{i18n:ui.warp.HoneyCreekNE}}",
                            "TargetLocation":"Farm",
                            "TargetTile":{
                                "X":140,
                                "Y":16
                            },
                            "TargetDirection":"down"
                        },
                        {
                            "Id":"HoneyCreekNW",
                            "DisplayName":"{{i18n:ui.warp.HoneyCreekNW}}",
                            "TargetLocation":"Farm",
                            "TargetTile":{
                                "X":10,
                                "Y":16
                            },
                            "TargetDirection":"down"
                        },
                        {
                            "Id":"HoneyCreekW",
                            "DisplayName":"{{i18n:ui.warp.HoneyCreekW}}",
                            "TargetLocation":"Farm",
                            "TargetTile":{
                                "X":2,
                                "Y":71
                            },
                            "TargetDirection":"down"
                        },
                        {
                            "Id":"HoneyCreekS",
                            "DisplayName":"{{i18n:ui.warp.HoneyCreekS}}",
                            "TargetLocation":"Farm",
                            "TargetTile":{
                                "X":104,
                                "Y":84
                            },
                            "TargetDirection":"down"
                        },
                        {
                            "Id":"HoneyCreekSE",
                            "DisplayName":"{{i18n:ui.warp.HoneyCreekSE}}",
                            "TargetLocation":"Farm",
                            "TargetTile":{
                                "X":141,
                                "Y":80
                            },
                            "TargetDirection":"down"
                        },
                        {
                            "Id":"HoneyCreekSW",
                            "DisplayName":"{{i18n:ui.warp.HoneyCreekSW}}",
                            "TargetLocation":"Farm",
                            "TargetTile":{
                                "X":29,
                                "Y":111
                            },
                            "TargetDirection":"down"
                        },
                        {
                            "Id":"HoneyCreekSBeach",
                            "DisplayName":"{{i18n:ui.warp.HoneyCreekBeach}}",
                            "TargetLocation":"Farm",
                            "TargetTile":{
                                "X":140,
                                "Y":154
                            },
                            "TargetDirection":"down"
                        },
                        {
                            //Make Quarry only accessible after vanilla quarry unlock
                            "Id":"HoneyCreekQuarry",
                            "DisplayName":"{{i18n:ui.warp.HoneyCreekQuarry}}",
                            "Condition": "PLAYER_HAS_MAIL Host ccCraftsRoom Received",
                            "TargetLocation":"Farm",
                            "TargetTile":{
                                "X":6,
                                "Y":140
                            },
                            "TargetDirection":"down"
                        },
                    {
                        //Make Secret Woods only accessible after the first time any player enters there, vanilla style
                        "Id":"HCSecretWoods",
                        "DisplayName":"{{i18n:ui.warp.HoneyCreekSecretWoods}}",
                        "Condition": "PLAYER_VISITED_LOCATION Any Woods",
                        "TargetLocation":"Woods",
                        "TargetTile":{
                            "X":50,
                            "Y":25
                        },
                        "TargetDirection":"down"
                    }
                    ]
                }
            }
            }
    ]
}