{
    "Changes": [
        {
            "Action": "EditData",
            "Target": "Data/CookingRecipes",
            "Entries": {
                //Vanilla Ice Cream: Milk x1, Vanilla x1, Sugar x2
                "{{ModId}}_vanilla_ice_cream": "-6 1 Cornucopia_Vanilla 1 245 2/25 5/{{ModId}}_vanilla_ice_cream/none/",
                //Dragonfruit Gelatin: Gelling Powder x1, Sugar x1, Dragonfruit x1
                "{{ModId}}_dragonfruit_gelatin": "Cornucopia_GellingPowder 1 245 1 Cornucopia_DragonFruit 1/25 5/{{ModId}}_dragonfruit_gelatin/none/",
                //Chocolate Cupcake: Cocoa x1, Sugar x1, Flour x1, Egg x1
                "{{ModId}}_chocolate_cupcake": "Cornucopia_CocoaPod 1 245 1 246 1 -5 1/25 5/{{ModId}}_chocolate_cupcake/default/",
                //Apple Melon Pie: Apple x2, Sugar x1, Flour x1, Melon x1, Butter x1
                "{{ModId}}_apple_melon_pie": "613 2 245 1 246 1 Cornucopia_CanaryMelon 1 Cornucopia_Butter 1/25 5/{{ModId}}_apple_melon_pie/none/",
                //Gooseberry Pie: Gooseberries x2, Sugar x1, Flour x1, Butter x1, Egg x1
                "{{ModId}}_gooseberry_pie": "Cornucopia_Gooseberry 2 245 1 246 1 Cornucopia_Butter 1 -5 1/25 5/{{ModId}}_gooseberry_pie/none/",
                //Pecan Pie: Pecans x2, Sugar x1, Flour x1, Butter x1, Egg x1
                "{{ModId}}_pecan_pie": "Cornucopia_Pecan 2 245 1 246 1 Cornucopia_Butter 1 -5 1/25 5/{{ModId}}_pecan_pie/default/",
                //Oatmeal Raisin Cookies: Oats x3, Raisins x1, Sugar x1, Butter x1
                "{{ModId}}_oatmeal_raisin_cookies": "Cornucopia_Oats 3 Raisins 1 245 1 Cornucopia_Butter 1/25 5/{{ModId}}_oatmeal_raisin_cookies/none/",
                //Chili Chocolate Bar: Cocoa x1, Chili Powder x1, Coconut Oil x1
                "{{ModId}}_spicy_chocolate_bar": "Cornucopia_CocoaPod 1 Cornucopia_ChiliPowder 1 Cornucopia_CoconutOil 1/25 5/{{ModId}}_spicy_chocolate_bar/default/",
                //Rainbow Donut: Flour x1, Sugar x1, Oil x1, Prismatic Essence x1
                "{{ModId}}_donut": "246 1 245 1 247 1 Cornucopia_PrismaticEssence 1/25 5/{{ModId}}_donut/none/",
                //Cinnamon Latte: Coffee x1, Sugar x1, Milk x1, Cinnamon x1
                "{{ModId}}_cinnamon_latte": "395 1 245 1 -6 1 Cornucopia_CinnamonSticks 1/25 5/{{ModId}}_cinnamon_latte/none/",
                //Soft Boiled Egg: Egg x1, Salt x1, Pepper x1
                "{{ModId}}_cooked_egg": "-5 1 Cornucopia_Salt 1 Cornucopia_Pepper 1/25 5/{{ModId}}_cooked_egg/none/",
                //Seasoned Fried Egg: Egg x1, Salt x1, Paprika x1, Parsley x1
                "{{ModId}}_fried_egg": "-5 1 Cornucopia_Salt 1 Cornucopia_Paprika 1 Cornucopia_Parsley 1/25 5/{{ModId}}_fried_egg/none/",
                //Pierogies with Vegetables: Potato x1, Cheese x1, Peas x1, Sweet Potato x1, Bell Pepper x1
                "{{ModId}}_pierogies": "192 1 424 1 Cornucopia_GreenPeas 1 Cornucopia_SweetPotato 1 Cornucopia_BellPepper 1/25 5/{{ModId}}_pierogies/none/",
                //Egg White Greek Omelette: Egg x2, Goat Cheese x1, Ground Cherries x1, Brined Olives x1, Olive Oil x1
                "{{ModId}}_omelette": "-5 2 426 1 Cornucopia_Groundcherries 1 Cornucopia_BrinedOlives 1 Cornucopia_OliveOil 1/25 5/{{ModId}}_omelette/none/",
                //Garden Salad: Lettuce x1, Ground Cherries x1, Olive Oil x1, Vinegar x1
                "{{ModId}}_green_salad": "Cornucopia_Lettuce 1 Cornucopia_Groundcherries 1 Cornucopia_OliveOil 1 419 1/25 5/{{ModId}}_green_salad/none/",
                //Caprese Salad: Tomato x1, Cheese x1, Basil x1, Olive Oil x1
                "{{ModId}}_caprese_salad": "256 1 426 1 Cornucopia_Basil 1 419 1 Cornucopia_OliveOil 1/25 5/{{ModId}}_caprese_salad/none/",
                //Tasty Tofu Sandwich: Bread x1, Lettuce x1, Tomato x1, Tofu x1, Garlic Mayo x1
                "{{ModId}}_sandwich": "216 1 Cornucopia_Lettuce 1 256 1 Cornucopia_Tofu 1 Cornucopia_GarlicMayonnaise 1/25 5/{{ModId}}_sandwich/none/",
                //Pita Sandwich: Tortilla x1, Pine Nuts x1, Tomato x1, Spinach x1, Chickpea x2
                "{{ModId}}_pita": "229 1 Cornucopia_PineNuts 1 256 1 Cornucopia_Spinach 1 Cornucopia_Chickpea 2/25 5/{{ModId}}_pita/none/",
                //Mushroom Crepes: Mushroom x1, Onion x1, Egg x1, Truffle Mayo x1
                "{{ModId}}_mushroom_crepes": "Cornucopia_ChickenoftheWoods 1 Cornucopia_Onion 1 -5 1 Cornucopia_TruffleMayonnaise 1 246 1/25 5/{{ModId}}_mushroom_crepes/Foraging 6/",
                //Sushi Rice (Ingredient): Rice x1, Vinegar x1, Sugar x1, Salt x1
                "{{ModId}}_sushi_rice": "423 1 419 1 245 1 Cornucopia_Salt 1/25 5/{{ModId}}_sushi_rice/default/",
                //Guacamole: Avocado x1, Onion x1, Cilantro x1, Lime x1, Blue Agave x1
                "{{ModId}}_guacamole": "Cornucopia_Avocado 1 Cornucopia_Onion 1 Cornucopia_Cilantro 1 Cornucopia_Lime 1 Cornucopia_BlueAgave 1/25 5/{{ModId}}_guacamole/none/",
                //Tomato Soup: Tomato x2, Fennel x1, Yogurt x1, Basil x1
                "{{ModId}}_tomato_soup": "256 2 Cornucopia_Fennel 1 Cornucopia_PlainYogurt 1 Cornucopia_Basil 1/25 5/{{ModId}}_tomato_soup/none/",
                //Minestrone Soup: Tomato x1, Navy Bean x3, Noodles x1, Onion x1, Bay x1
                "{{ModId}}_minestrone_soup": "256 1 Cornucopia_NavyBeans 3 Cornucopia_WheatNoodles 1 Cornucopia_Onion 1 Cornucopia_BayLeaves 1/25 5/{{ModId}}_minestrone_soup/none/",
                //Dumpling Soup: Flour x1, Garlic x1, Onion x1, Celery x1, Dill x1
                "{{ModId}}_dumpling_soup": "246 1 Cornucopia_RoastedGarlic 1 Cornucopia_Onion 1 Cornucopia_Celery 1 Cornucopia_Dill 1/25 5/{{ModId}}_dumpling_soup/none/",
                //Mushroom Stroganoff: Shiitake Mushroom x1, Yogurt x1, Noodles x1, Thyme x1, Salt x1
                "{{ModId}}_mushroom_stroganoff": "Cornucopia_Shiitake 1 Cornucopia_PlainYogurt 1 Cornucopia_WheatNoodles 1 Cornucopia_Thyme 1 Cornucopia_Salt 1/25 5/{{ModId}}_mushroom_stroganoff/none/",
                //Miso Soup: Miso Paste x1, Tofu x1, Chives x1, Salt x1
                "{{ModId}}_miso_soup": "Cornucopia_MisoPaste 1 Cornucopia_Tofu 1 Cornucopia_Chives 1 Cornucopia_Salt 1/25 5/{{ModId}}_miso_soup/none/",
                //Adzuki Onigiri: Sushi Rice x1, Seaweed x1, Adzuki Bean x1
                "{{ModId}}_adzuki_onigiri": "{{ModId}}_sushi_rice 1 152 1 Cornucopia_AdzukiBean 1/25 5/{{ModId}}_adzuki_onigiri/default/",
                //Fresh Salmon Maki: Sushi Rice x1, Seaweed x1, Salmon x1, Asparagus x1, Avocado x1
                "{{ModId}}_fresh_maki": "{{ModId}}_sushi_rice 1 152 1 139 1 Cornucopia_Asparagus 1 Cornucopia_Avocado 1/25 5/{{ModId}}_fresh_maki/none/",
                //Shrimp Nigiri: Sushi Rice x1, Shrimp x1, Chives x1, Soy Sauce x1
                "{{ModId}}_shrimp_nigiri": "{{ModId}}_sushi_rice 1 720 1 Cornucopia_Chives 1 Cornucopia_SoySauce 1/25 5/{{ModId}}_shrimp_nigiri/Fishing 6/",
                //Smoked Salmon Bagel: Bread x1, Cheese x1, Smoked Salmon x1, Dill x1
                "{{ModId}}_smoked_salmon_bagel": "216 1 424 1 Cornucopia_SmokedSalmon 1 Cornucopia_Dill 1/25 5/{{ModId}}_smoked_salmon_bagel/none/",
                //Lobster Quinoa: Lobster x1, Quinoa x1, Lemon x1, Butter x1, Groundcherry x1
                "{{ModId}}_lobster_quinoa": "715 1 Cornucopia_Quinoa 1 Cornucopia_Lemon 1 Cornucopia_Butter 1 Cornucopia_Groundcherries 1/25 5/{{ModId}}_lobster_quinoa/none/",
                //Charcuterie Board: Grapefruit x1, Walnut x2, Smoked Cheese x1
                "{{ModId}}_charcuterie": "Cornucopia_Grapefruit 1 Cornucopia_Walnut 1 Cornucopia_SmokedCheese 1/25 5/{{ModId}}_charcuterie/none/",
                //Wasabi Shrimp Rice Bowl: Sushi Rice x1, Shrimp x2, Wasabi x1, Soy Sauce x1
                "{{ModId}}_shrimp_rice": "{{ModId}}_sushi_rice 1 720 1 Cornucopia_WasabiRoot 1 Cornucopia_SoySauce 1/25 5/{{ModId}}_shrimp_rice/none/",
                //Fancy Ramen Bowl: Rice Noodles x1, Fish Sauce x1, Egg x1, Chives x1
                "{{ModId}}_fancy_ramen": "Cornucopia_RiceNoodles 1 Cornucopia_FishSauce 1 -5 1 Cornucopia_Chives 1/25 5/{{ModId}}_fancy_ramen/none/",
                //Veggies and Dip Platter: Cucumber x1, Carrot x1, Yellow Bell Pepper x1, Yogurt x1, Dill x1
                "{{ModId}}_veggies_dip": "Cornucopia_Cucumber 1 Carrot 1 Cornucopia_BellPepperYellow 1 Cornucopia_PlainYogurt 1 Cornucopia_Dill 1/25 5/{{ModId}}_veggies_dip/default/",
                //Sweet Potato Fries: Sweet Potato x1, Oil x1, Salt x1, Sugar x1, Nutmeg x1
                "{{ModId}}_sweet_potato_fries": "Cornucopia_SweetPotato 1 247 1 Cornucopia_Salt 1 245 1 Cornucopia_Nutmeg 1/25 5/{{ModId}}_sweet_potato_fries/none/",
                //Sauteed Vegetables: Butternut Squash x1, Olive Oil x1, Asparagus x1, Chicken of the Woods x1, Rice x1
                "{{ModId}}_sauteed_vegetables": "Cornucopia_ButternutSquash 1 Cornucopia_OliveOil 1 Cornucopia_Asparagus 1 423 1/25 5/{{ModId}}_sauteed_vegetables/none/",
                //Cassava-Battered Bamboo Shoots: Bamboo Shoots x1, Cassava x1, Coconut Oil x1, Soy Sauce x1
                "{{ModId}}_bamboo_shoots": "Cornucopia_BambooSeeds 1 Cornucopia_Cassava 1 Cornucopia_CoconutOil 1 Cornucopia_SoySauce 1/25 5/{{ModId}}_bamboo_shoots/none/",
                //Curried Mushroom Skewers: Shiitake Mushroom x3, Cumin x1, Turmeric x1, Paprika x1, Garlic x1
                "{{ModId}}_mushroom_skewer": "Cornucopia_Shiitake 3 Cornucopia_CuminSeeds 1 Cornucopia_Turmeric 1 Cornucopia_Paprika 1 248 1/25 5/{{ModId}}_mushroom_skewer/none/",
                //Beer Braised Mushrooms: Shiitake Mushroom x2, Stout x1, Molasses x1, Red Bell Pepper x1
                "{{ModId}}_beer_braised_mushrooms": "Cornucopia_Shiitake 2 Cornucopia_Stout 1 Cornucopia_Molasses 1 Cornucopia_BellPepper 1/25 5/{{ModId}}_beer_braised_mushrooms/none/",
                //Popcorn: Corn x1, Oil x1, Butter x1, Salt x1
                "{{ModId}}_popcorn": "270 1 247 1 Cornucopia_Butter 1 Cornucopia_Salt 1/25 5/{{ModId}}_popcorn/default/",
                //Black Bean Burger: Bread x1, Tomato x1, Cheese x1, Pickles x1, Black Beans x3, Lettuce x1
                "{{ModId}}_burger": "216 1 256 1 424 1 Cornucopia_PickleSpears 1 Cornucopia_BlackBeans 3 Cornucopia_Lettuce 1/25 5/{{ModId}}_burger/none/",
                //Dipping Fries: Potato x1, Tomato x1, Salt x1, Garlic Mayonnaise x1
                "{{ModId}}_dipping_fries": "192 1 256 1 Cornucopia_Salt 1 Cornucopia_GarlicMayonnaise 1/25 5/{{ModId}}_dipping_fries/none/",
                //Margherita Pizza: Flour x1, Tomato x1, Goat Cheese x1, Basil x1, Roasted Garlic x1
                "{{ModId}}_margherita_pizza": "246 1 256 1 426 1 Cornucopia_Basil 1 Cornucopia_RoastedGarlic 1/25 5/{{ModId}}_margherita_pizza/none/",
                //Savory Saffron Crepes: Flour x1, Yogurt x1, Saffron x2, Lemon Zest x1, Rosemary x1, Groundcherries x1
                "{{ModId}}_savory_crepes": "246 1 Cornucopia_PlainYogurt 1 Cornucopia_Saffron 2 Cornucopia_LemonZest 1 Cornucopia_Rosemary 1 Cornucopia_Groundcherries 1/25 5/{{ModId}}_savory_crepes/none/",
                //Sweet Potato Mash: Sweet Potato x2, Orange Zest x1, Honey Butter x1, Cinnamon x1, Nutmeg x1
                "{{ModId}}_sweet_potato_mash": "Cornucopia_SweetPotato 2 Cornucopia_OrangeZest 1 Cornucopia_HoneyButter 1 Cornucopia_CinnamonSticks 1 Cornucopia_Nutmeg 1/25 5/{{ModId}}_sweet_potato_mash/none/",
                //Hot Grilled Cheese: Bread x1, Cheese x1, Spicy Mayonnaise x1, Jalapeno x1
                "{{ModId}}_grilled_cheese": "216 1 424 1 Cornucopia_SpicyMayonnaise 1 Cornucopia_Jalapeno 1/25 5/{{ModId}}_grilled_cheese/none/",
                //Tropical Delight: Passionfruit x1, Persimmon x1, Pistachio x1, Cashew x1, Honey x1
                "{{ModId}}_tropical_delight": "Cornucopia_PassionFruit 1 Cornucopia_Persimmon 1 Cornucopia_Pistachio 1 Cornucopia_Cashew 1 340 1/25 5/{{ModId}}_tropical_delight/none/",
                //Croquettes: Potato x1, Parsley x1, Onion x1, Egg x1, Oil x1, Salt x1
                "{{ModId}}_croquettes": "192 1 Cornucopia_Parsley 1 Cornucopia_Onion 1 -5 1 247 1 Cornucopia_Salt 1/25 5/{{ModId}}_croquettes/none/",
                //Pull-Apart Bread: Flour x1, Cinnamon x1, Maple Butter x1, Raspberry x1
                "{{ModId}}_pull_apart_bread": "246 1 Cornucopia_CinnamonSticks 1 Cornucopia_MapleButter 1 Cornucopia_Raspberry 1/25 5/{{ModId}}_pull_apart_bread/none/",
                //Fried Sea Cucumber: Sea Cucumber x1, Flour x1, Lemon x1, Cabbage x1, Butter x1
                "{{ModId}}_fried_sea_cucumber": "154 1 246 1 Cornucopia_Lemon 1 Cornucopia_Cabbage 1 Cornucopia_Butter 1/25 5/{{ModId}}_fried_sea_cucumber/none/",
                //Enchiladas: Tortilla x1, Kidney Beans x2, Chili Oil x1, Lime x1, Cilantro x1
                "{{ModId}}_enchiladas": "229 1 Cornucopia_KidneyBeans 2 Cornucopia_ChiliOil 1 Cornucopia_Lime 1 Cornucopia_Cilantro 1/25 5/{{ModId}}_enchiladas/none/",
                //Fish and Chips: Fish x1, Flour x1, Potato x1, Lemon x1, Vinegar x1
                "{{ModId}}_fish_and_chips": "-4 1 246 1 192 1 Cornucopia_Lemon 1 419 1/25 5/{{ModId}}_fish_and_chips/default/",
                //Broiled Tiger Trout: Tiger Trout x1, Lemon x1, Butter x1, Parsley x1
                "{{ModId}}_broiled_tiger_trout": "699 1 Cornucopia_Lemon 1 Cornucopia_Butter 1 Cornucopia_Parsley 1/25 5/{{ModId}}_broiled_tiger_trout/none/",
                //Baked Void Salmon: Void Salmon x1, Void Mayo x1, Sage x1, Tarragon x1, Butter x1
                "{{ModId}}_baked_void_salmon": "795 1 308 1 Cornucopia_Sage 1 Cornucopia_Tarragon 1 Cornucopia_Butter 1/25 5/{{ModId}}_baked_void_salmon/none/",
                //Catfish Dinner: Catfish x1, River Jelly x1, Lemon x1, Butter x1, Salt x1
                "{{ModId}}_catfish_dinner": "143 1 RiverJelly 1 Cornucopia_Lemon 1 Cornucopia_Butter 1 Cornucopia_Salt 1/25 5/{{ModId}}_catfish_dinner/none/",
                //Salmon Filet: Salmon x1, Maple Butter x1, Salt x1, Parsley x1
                "{{ModId}}_salmon_filet": "139 1 Cornucopia_MapleButter 1 Cornucopia_Salt 1 Cornucopia_Parsley 1/25 5/{{ModId}}_salmon_filet/default/",
                //Blackened Tofu: Tofu x1, Basil x1, Oregano x1, Thyme x1, Pepper x1
                "{{ModId}}_blackened_tofu": "Cornucopia_Tofu 1 Cornucopia_Basil 1 Cornucopia_Oregano 1 Cornucopia_Thyme 1 Cornucopia_Pepper 1/25 5/{{ModId}}_blackened_tofu/none/",
                //Unknowable Dish: Prismatic Essence x1, Blue Agave x1, Saffron x1, Dragon Fruit x1, Kiwi x1
                "{{ModId}}_unknowable_dish": "Cornucopia_PrismaticEssence 1 Cornucopia_BlueAgave 1 Cornucopia_Saffron 1 Cornucopia_DragonFruit 1 Cornucopia_Kiwi 1/25 5/{{ModId}}_unknowable_dish/none/",
                //"The Egg": Ostrich Egg x1, Salt x1, Pepper x1
                "{{ModId}}_the_egg": "289 1 Cornucopia_Salt 1 Cornucopia_Pepper 1/25 5/{{ModId}}_the_egg/none/",
                //Mint Hot Cocoa: Cocoa x1, Milk x1, Sugar x1, Mint x1
                "{{ModId}}_hot_cocoa": "Cornucopia_CocoaPod 1 -6 1 245 1 Cornucopia_Mint 1/25 5/{{ModId}}_hot_cocoa/none/",
                //Heavy Cream: Milk x2
                "{{ModId}}_heavy_cream": "-6 2/25 5/{{ModId}}_heavy_cream/default/"

            }
        },
        {
            "Action": "EditData",
            "Target": "Data/CookingRecipes",
            "When": {
                "Query: {{DailyLuck}} < 0": true //spirits unhappy today
            },
            "Entries": {
                //Pufferfish x1, Lemon x1, Carrot x1, Zoodles x1, Butter x1
                "{{ModId}}_fugu": "128 1 Cornucopia_Lemon 1 Carrot 1 Cornucopia_Zoodles 1 Cornucopia_Butter 1/25 5/{{ModId}}_unlucky_fugu/Fishing 6/"
            }
        },
        {
            "Action": "EditData",
            "Target": "Data/CookingRecipes",
            "When": {
                "Query: {{DailyLuck}} = 0": true //spirits neutral today
            },
            "Entries": {
                //Pufferfish x1, Lemon x1, Carrot x1, Zoodles x1, Butter x1
                "{{ModId}}_fugu": "128 1 Cornucopia_Lemon 1 Carrot 1 Cornucopia_Zoodles 1 Cornucopia_Butter 1/25 5/{{ModId}}_neutral_fugu/Fishing 6/"
            }
        },
        {
            "Action": "EditData",
            "Target": "Data/CookingRecipes",
            "When": {
                "Query: {{DailyLuck}} > 0": true //spirits happy today
            },
            "Entries": {
                //Pufferfish x1, Lemon x1, Carrot x1, Zoodles x1, Butter x1
                "{{ModId}}_fugu": "128 1 Cornucopia_Lemon 1 Carrot 1 Cornucopia_Zoodles 1 Cornucopia_Butter 1/25 5/{{ModId}}_lucky_fugu/Fishing 6/"
            }
        }
    ]
}



