{
    "Changes": [
        //Abigail
        {
        "Action": "EditData",
        "Target": "Characters/Dialogue/Abigail",
        "Entries": {
            //Love
            "AcceptGift_(O){{ModId}}_pierogies": "{{i18n: dialogue.pierogies.Abigail}}",
            "AcceptGift_(O){{ModId}}_charcuterie": "{{i18n: dialogue.charcuterie.Abigail}}",
            "AcceptGift_(O){{ModId}}_lucky_fugu": "{{i18n: dialogue.lucky_fugu.Abigail}}"
            }  
        },
        //Alex
        {
            "Action": "EditData",
            "Target": "Characters/Dialogue/Alex",
            "Entries": {
                //Love
                "AcceptGift_(O){{ModId}}_fried_egg": "{{i18n: dialogue.fried_egg.Alex}}",
                "AcceptGift_(O){{ModId}}_cooked_egg": "{{i18n: dialogue.cooked_egg.Alex}}",
                "AcceptGift_(O){{ModId}}_the_egg": "{{i18n: dialogue.the_egg.Alex}}",
                "AcceptGift_(O){{ModId}}_smoked_salmon_bagel": "{{i18n: dialogue.smoked_salmon_bagel.Alex}}",
                "AcceptGift_(O){{ModId}}_salmon_filet": "{{i18n: dialogue.salmon_filet.Alex}}"
                }  
            },
        //Caroline
        {
            "Action": "EditData",
            "Target": "Characters/Dialogue/Caroline",
            "Entries": {
                //Love
                "AcceptGift_(O){{ModId}}_sweet_potato_fries": "{{i18n: dialogue.sweet_potato_fries.Caroline}}",
                "AcceptGift_(O){{ModId}}_mushroom_skewer": "{{i18n: dialogue.mushroom_skewer.Caroline}}",
                "AcceptGift_(O){{ModId}}_pita": "{{i18n: dialogue.pita.Caroline}}"
                }  
            },
        //Dwarf
        {
            "Action": "EditData",
            "Target": "Characters/Dialogue/Dwarf",
            "Entries": {
                //Love
                "AcceptGift_(O){{ModId}}_mushroom_skewer": "{{i18n: dialogue.mushroom_skewer.Dwarf}}",
                "AcceptGift_(O){{ModId}}_mushroom_crepes": "{{i18n: dialogue.mushroom.Dwarf}}",
                "AcceptGift_(O){{ModId}}_mushroom_stroganoff": "{{i18n: dialogue.mushroom.Dwarf}}",
                "AcceptGift_(O){{ModId}}_beer_braised_mushrooms": "{{i18n: dialogue.mushroom.Dwarf}}",
                //Neutral
                "AcceptGift_(O){{ModId}}_gooseberry_pie": "{{i18n: dialogue.fruit.Dwarf}}",
                "AcceptGift_(O){{ModId}}_apple_melon_pie": "{{i18n: dialogue.fruit.Dwarf}}",
                "AcceptGift_(O){{ModId}}_dragonfruit_gelatin": "{{i18n: dialogue.fruit.Dwarf}}",
                "AcceptGift_(O){{ModId}}_tropical_delight": "{{i18n: dialogue.fruit.Dwarf}}",
                "AcceptGift_(O){{ModId}}_charcuterie": "{{i18n: dialogue.fruit.Dwarf}}",
                //Dislike
                "AcceptGift_(O){{ModId}}_baked_void_salmon": "{{i18n: dialogue.baked_void_salmon.Dwarf}}"
                }  
            },
        //Elliot
        {
            "Action": "EditData",
            "Target": "Characters/Dialogue/Elliott",
            "Entries": {
                //Love
                "AcceptGift_(O){{ModId}}_shrimp_rice": "{{i18n: dialogue.shrimp_rice.Elliott}}",
                "AcceptGift_(O){{ModId}}_shrimp_nigiri": "{{i18n: dialogue.shrimp_nigiri.Elliott}}",
                //Dislike
                "AcceptGift_(O){{ModId}}_margherita_pizza": "{{i18n: dialogue.margherita_pizza.Elliott}}",
                "AcceptGift_(O){{ModId}}_mushroom_crepes": "{{i18n: dialogue.mushroom.Elliott}}",
                "AcceptGift_(O){{ModId}}_mushroom_stroganoff": "{{i18n: dialogue.mushroom.Elliott}}",
                "AcceptGift_(O){{ModId}}_mushroom_skewer": "{{i18n: dialogue.mushroom.Elliott}}",
                "AcceptGift_(O){{ModId}}_beer_braised_mushrooms": "{{i18n: dialogue.mushroom.Elliott}}"
                }  
            },
        //Emily
        {
            "Action": "EditData",
            "Target": "Characters/Dialogue/Emily",
            "Entries": {
                //Love
                "AcceptGift_(O){{ModId}}_sandwich": "{{i18n: dialogue.sandwich.Emily}}",
                "AcceptGift_(O){{ModId}}_burger": "{{i18n: dialogue.burger.Emily}}",
                "AcceptGift_(O){{ModId}}_blackened_tofu": "{{i18n: dialogue.blackened_tofu.Emily}}",
                //Dislike
                "AcceptGift_(O){{ModId}}_vanilla_ice_cream": "{{i18n: dialogue.vanilla_ice_cream.Emily}}"
                }  
            },
        //Evelyn
        {
            "Action": "EditData",
            "Target": "Characters/Dialogue/Evelyn",
            "Entries": {
                //Love
                "AcceptGift_(O){{ModId}}_pull_apart_bread": "{{i18n: dialogue.pull_apart_bread.Evelyn}}",
                "AcceptGift_(O){{ModId}}_oatmeal_raisin_cookies": "{{i18n: dialogue.oatmeal_raisin_cookies.Evelyn}}",
                "AcceptGift_(O){{ModId}}_sweet_potato_mash": "{{i18n: dialogue.sweet_potato_mash.Evelyn}}",
                "AcceptGift_(O){{ModId}}_chocolate_cupcake": "{{i18n: dialogue.chocolate_cupcake.Evelyn}}",
                //Dislike
                "AcceptGift_(O){{ModId}}_shrimp_nigiri": "{{i18n: dialogue.seafood.Evelyn}}",
                "AcceptGift_(O){{ModId}}_shrimp_rice": "{{i18n: dialogue.seafood.Evelyn}}",
                "AcceptGift_(O){{ModId}}_fried_sea_cucumber": "{{i18n: dialogue.seafood.Evelyn}}",
                "AcceptGift_(O){{ModId}}_lobster_quinoa": "{{i18n: dialogue.seafood.Evelyn}}",
                "AcceptGift_(O){{ModId}}_fresh_maki": "{{i18n: dialogue.seafood.Evelyn}}",
                "AcceptGift_(O){{ModId}}_margherita_pizza": "{{i18n: dialogue.margherita_pizza.Evelyn}}"
                }  
            },
        //George
        {
            "Action": "EditData",
            "Target": "Characters/Dialogue/George",
            "Entries": {
                //Love
                "AcceptGift_(O){{ModId}}_sweet_potato_mash": "{{i18n: dialogue.sweet_potato_mash.George}}",
                "AcceptGift_(O){{ModId}}_pull_apart_bread": "{{i18n: dialogue.pull_apart_bread.George}}"
                }  
            },
        //Gus
        {
            "Action": "EditData",
            "Target": "Characters/Dialogue/Gus",
            "Entries": {
                //Love
                "AcceptGift_(O){{ModId}}_croquettes": "{{i18n: dialogue.croquettes.Gus}}",
                "AcceptGift_(O){{ModId}}_mushroom_skewer": "{{i18n: dialogue.mushroom_skewer.Gus}}",
                "AcceptGift_(O){{ModId}}_pita": "{{i18n: dialogue.pita.Gus}}"
                }  
            },
        //Haley
        {
            "Action": "EditData",
            "Target": "Characters/Dialogue/Haley",
            "Entries": {
                //Love
                "AcceptGift_(O){{ModId}}_apple_melon_pie": "{{i18n: dialogue.apple_melon_pie.Haley}}",
                //Dislike
                "AcceptGift_(O){{ModId}}_mushroom_crepes": "{{i18n: dialogue.mushroom.Haley}}",
                "AcceptGift_(O){{ModId}}_mushroom_stroganoff": "{{i18n: dialogue.mushroom.Haley}}",
                "AcceptGift_(O){{ModId}}_mushroom_skewer": "{{i18n: dialogue.mushroom.Haley}}",
                "AcceptGift_(O){{ModId}}_beer_braised_mushrooms": "{{i18n: dialogue.mushroom.Haley}}",
                //Reject
                "RejectItem_(O){{ModId}}_donut": "{{i18n: dialogue.donut.Haley}}",
                "RejectItem_(O){{ModId}}_unknowable_dish": "{{i18n: dialogue.unknowable_dish.Haley}}"

            }  
            },
        //Harvey
        {
        "Action": "EditData",
        "Target": "Characters/Dialogue/Harvey",
        "Entries": {
            //Love
            "AcceptGift_(O){{ModId}}_dumpling_soup": "{{i18n: dialogue.dumpling_soup.Harvey}}",
            "AcceptGift_(O){{ModId}}_cinnamon_latte": "{{i18n: dialogue.cinnamon_latte.Harvey}}",
            "AcceptGift_(O){{ModId}}_burger": "{{i18n: dialogue.burger.Harvey}}",
            "AcceptGift_(O){{ModId}}_mushroom_crepes": "{{i18n: dialogue.mushroom_crepes.Harvey}}"
            }  
        },
        //Jodi
        {
            "Action": "EditData",
            "Target": "Characters/Dialogue/Jodi",
            "Entries": {
                //Love
                "AcceptGift_(O){{ModId}}_pita": "{{i18n: dialogue.pita.Jodi}}",
                "AcceptGift_(O){{ModId}}_chocolate_cupcake": "{{i18n: dialogue.chocolate_cupcake.Jodi}}",
                "AcceptGift_(O){{ModId}}_fried_sea_cucumber": "{{i18n: dialogue.fried_sea_cucumber.Jodi}}",
                "AcceptGift_(O){{ModId}}_catfish_dinner": "{{i18n: dialogue.catfish_dinner.Jodi}}",
                "AcceptGift_(O){{ModId}}_salmon_filet": "{{i18n: dialogue.salmon_filet.Jodi}}"
               }  
            },
        //Kent
        {
            "Action": "EditData",
            "Target": "Characters/Dialogue/Kent",
            "Entries": {
                //Love
                "AcceptGift_(O){{ModId}}_smoked_salmon_bagel": "{{i18n: dialogue.smoked_salmon_bagel.Kent}}",
                //Dislike
                "AcceptGift_(O){{ModId}}_lobster_quinoa": "{{i18n: dialogue.lobster_quinoa.Kent}}"
                }  
            },
        //Krobus
        {
            "Action": "EditData",
            "Target": "Characters/Dialogue/Krobus",
            "Entries": {
                //Love
                "AcceptGift_(O){{ModId}}_baked_void_salmon": "{{i18n: dialogue.baked_void_salmon.Krobus}}",
                "AcceptGift_(O){{ModId}}_cinnamon_latte": "{{i18n: dialogue.cinnamon_latte.Krobus}}",
                "AcceptGift_(O){{ModId}}_hot_cocoa": "{{i18n: dialogue.hot_cocoa.Krobus}}",
                //Dislike
                "AcceptGift_(O){{ModId}}_mushroom_crepes": "{{i18n: dialogue.mushroom.Krobus}}",
                "AcceptGift_(O){{ModId}}_mushroom_stroganoff": "{{i18n: dialogue.mushroom.Krobus}}",
                "AcceptGift_(O){{ModId}}_mushroom_skewer": "{{i18n: dialogue.mushroom.Krobus}}",
                "AcceptGift_(O){{ModId}}_beer_braised_mushrooms": "{{i18n: dialogue.mushroom.Krobus}}"
                }  
            },
        //Leah
        {
            "Action": "EditData",
            "Target": "Characters/Dialogue/Leah",
            "Entries": {
                //Love
                "AcceptGift_(O){{ModId}}_gooseberry_pie": "{{i18n: dialogue.gooseberry_pie.Leah}}",
                "AcceptGift_(O){{ModId}}_omelette": "{{i18n: dialogue.omelette.Leah}}",
                "AcceptGift_(O){{ModId}}_green_salad": "{{i18n: dialogue.green_salad.Leah}}",
                "AcceptGift_(O){{ModId}}_caprese_salad": "{{i18n: dialogue.caprese_salad.Leah}}",
                "AcceptGift_(O){{ModId}}_mushroom_crepes": "{{i18n: dialogue.mushroom_crepes.Leah}}"
                }  
            },
        //Lewis
        {
            "Action": "EditData",
            "Target": "Characters/Dialogue/Lewis",
            "Entries": {
                //Love
                "AcceptGift_(O){{ModId}}_minestrone_soup": "{{i18n: dialogue.minestrone_soup.Lewis}}",
                "AcceptGift_(O){{ModId}}_sweet_potato_mash": "{{i18n: dialogue.sweet_potato_mash.Lewis}}",
                "AcceptGift_(O){{ModId}}_sweet_potato_fries": "{{i18n: dialogue.sweet_potato_fries.Lewis}}",
                "AcceptGift_(O){{ModId}}_pierogies": "{{i18n: dialogue.pierogies.Lewis}}",
                "AcceptGift_(O){{ModId}}_spicy_chocolate_bar": "{{i18n: dialogue.spicy_chocolate_bar.Lewis}}"
                }  
            },
        //Marnie
        {
            "Action": "EditData",
            "Target": "Characters/Dialogue/Marnie",
            "Entries": {
                //Love
                "AcceptGift_(O){{ModId}}_omelette": "{{i18n: dialogue.omelette.Marnie}}",
                "AcceptGift_(O){{ModId}}_pecan_pie": "{{i18n: dialogue.pecan_pie.Marnie}}",
                "AcceptGift_(O){{ModId}}_cooked_egg": "{{i18n: dialogue.cooked_egg.Marnie}}",
                "AcceptGift_(O){{ModId}}_fried_egg": "{{i18n: dialogue.fried_egg.Marnie}}",
                "AcceptGift_(O){{ModId}}_the_egg": "{{i18n: dialogue.the_egg.Marnie}}"
                }  
            },
        //Maru
        {
            "Action": "EditData",
            "Target": "Characters/Dialogue/Maru",
            "Entries": {
                //Love
                "AcceptGift_(O){{ModId}}_guacamole": "{{i18n: dialogue.guacamole.Maru}}",
                "AcceptGift_(O){{ModId}}_pecan_pie": "{{i18n: dialogue.pecan_pie.Maru}}",
                "AcceptGift_(O){{ModId}}_grilled_cheese": "{{i18n: dialogue.grilled_cheese.Maru}}",
                "AcceptGift_(O){{ModId}}_spicy_chocolate_bar": "{{i18n: dialogue.spicy_chocolate_bar.Maru}}",
                "AcceptGift_(O){{ModId}}_enchiladas": "{{i18n: dialogue.enchiladas.Maru}}",
                //Dislike
                "AcceptGift_(O){{ModId}}_burger": "{{i18n: dialogue.burger.Maru}}"
                }  
            },
        //Penny
        {
            "Action": "EditData",
            "Target": "Characters/Dialogue/Penny",
            "Entries": {
                //Love
                "AcceptGift_(O){{ModId}}_tomato_soup": "{{i18n: dialogue.tomato_soup.Penny}}",
                "AcceptGift_(O){{ModId}}_apple_melon_pie": "{{i18n: dialogue.apple_melon_pie.Penny}}",
                "AcceptGift_(O){{ModId}}_miso_soup": "{{i18n: dialogue.miso_soup.Penny}}",
                //Dislike
                "AcceptGift_(O){{ModId}}_fried_sea_cucumber": "{{i18n: dialogue.fried_sea_cucumber.Penny}}"
                }  
            },
        //Sebastian
        {
            "Action": "EditData",
            "Target": "Characters/Dialogue/Sebastian",
            "Entries": {
                //Love
                "AcceptGift_(O){{ModId}}_fancy_ramen": "{{i18n: dialogue.fancy_ramen.Sebastian}}",
                "AcceptGift_(O){{ModId}}_shrimp_nigiri": "{{i18n: dialogue.shrimp_nigiri.Sebastian}}",
                "AcceptGift_(O){{ModId}}_fresh_maki": "{{i18n: dialogue.fresh_maki.Sebastian}}",
                "AcceptGift_(O){{ModId}}_baked_void_salmon": "{{i18n: dialogue.baked_void_salmon.Sebastian}}"
                }
            },
        //Shane
        {
            "Action": "EditData",
            "Target": "Characters/Dialogue/Shane",
            "Entries": {
                //Love
                "AcceptGift_(O){{ModId}}_grilled_cheese": "{{i18n: dialogue.grilled_cheese.Shane}}",
                "AcceptGift_(O){{ModId}}_shrimp_rice": "{{i18n: dialogue.shrimp_rice.Shane}}",
                "AcceptGift_(O){{ModId}}_fried_egg": "{{i18n: dialogue.fried_egg.Shane}}",
                "AcceptGift_(O){{ModId}}_enchiladas": "{{i18n: dialogue.enchiladas.Shane}}",
                "AcceptGift_(O){{ModId}}_blackened_tofu": "{{i18n: dialogue.blackened_tofu.Shane}}",
                "AcceptGift_(O){{ModId}}_margherita_pizza": "{{i18n: dialogue.margherita_pizza.Shane}}",
                "AcceptGift_(O){{ModId}}_spicy_chocolate_bar": "{{i18n: dialogue.spicy_chocolate_bar.Shane}}",
                //Dislike
                "AcceptGift_(O){{ModId}}_mushroom_skewer": "{{i18n: dialogue.mushroom.Shane}}",
                "AcceptGift_(O){{ModId}}_mushroom_crepes": "{{i18n: dialogue.mushroom.Shane}}",
                "AcceptGift_(O){{ModId}}_mushroom_stroganoff": "{{i18n: dialogue.mushroom.Shane}}",
                "AcceptGift_(O){{ModId}}_beer_braised_mushrooms": "{{i18n: dialogue.mushroom.Shane}}"
                }  
            },
        //Willy
        {
            "Action": "EditData",
            "Target": "Characters/Dialogue/Willy",
            "Entries": {
                //Love
                "AcceptGift_(O){{ModId}}_fried_sea_cucumber": "{{i18n: dialogue.fried_sea_cucumber.Willy}}",
                "AcceptGift_(O){{ModId}}_catfish_dinner": "{{i18n: dialogue.catfish_dinner.Willy}}"
                }  
            },
        //Wizard
        {
            "Action": "EditData",
            "When":{
                "alternate_unlock_unknowable": "On"
        },
            "Target": "Characters/Dialogue/Wizard",
            "Entries": {
                //Love
                "AcceptGift_(O){{ModId}}_unknowable_dish": "{{i18n: dialogue.unknowable_dish_alternate.Wizard}}"  
            }
        },
        //Wizard
        {
            "Action": "EditData",
            "When":{
                "alternate_unlock_unknowable": "Off"
        },
            "Target": "Characters/Dialogue/Wizard",
            "Entries": {
                //Love
                "AcceptGift_(O){{ModId}}_unknowable_dish": "{{i18n: dialogue.unknowable_dish.Wizard}}"  
            }
        },
        // Modded Characters

        //Edel
        {
            "Action": "EditData",
            "When": {
				"HasMod |contains=Aviroen.Edelweiss": true
			},
            "Target": "Characters/Dialogue/EdelweissSeung",
            "Entries": {
                //Love
                "AcceptGift_(O){{ModId}}_unknowable_dish": "{{i18n: dialogue.unknowable_dish.Edelweiss}}",
                "AcceptGift_(O){{ModId}}_the_egg": "{{i18n: dialogue.the_egg.Edelweiss}}"  
            }
        },
        //Jean
        {
            "Action": "EditData",
            "When": {
				"HasMod |contains=tiakall.jortsandjean": true
			},
            "Target": "Characters/Dialogue/JeanCat",
            "Entries": {
                "AcceptGift_(O){{ModId}}_baked_void_salmon": "{{i18n: dialogue.baked_void_salmon.Jean}}",
                "AcceptGift_(O){{ModId}}_smoked_salmon_bagel": "{{i18n: dialogue.smoked_salmon_bagel.Jean}}",
                //Rejects
                "reject_(O){{ModId}}_fresh_maki": "{{i18n: dialogue.rejected_gift.Jean}}",
                "reject_(O){{ModId}}_lobster_quinoa": "{{i18n: dialogue.rejected_gift.Jean}}",
                "reject_(O){{ModId}}_fried_sea_cucumber": "{{i18n: dialogue.rejected_gift.Jean}}",
                "reject_(O){{ModId}}_fish_and_chips": "{{i18n: dialogue.rejected_gift.Jean}}",
                "reject_(O){{ModId}}_broiled_tiger_trout": "{{i18n: dialogue.rejected_gift.Jean}}",
                "reject_(O){{ModId}}_catfish_dinner": "{{i18n: dialogue.rejected_gift.Jean}}",
                "reject_(O){{ModId}}_salmon_filet": "{{i18n: dialogue.rejected_gift.Jean}}"
            }
        },
        //Jorts
        {
            "Action": "EditData",
            "When": {
                "HasMod |contains=tiakall.jortsandjean": true
            },
            "Target": "Characters/Dialogue/JortsCat",
            "Entries": {
                "AcceptGift_(O){{ModId}}_baked_void_salmon": "{{i18n: dialogue.baked_void_salmon.Jorts}}",
                "AcceptGift_(O){{ModId}}_smoked_salmon_bagel": "{{i18n: dialogue.smoked_salmon_bagel.Jorts}}",
                //Rejects
                "reject_(O){{ModId}}_fresh_maki": "{{i18n: dialogue.rejected_gift.Jorts}}",
                "reject_(O){{ModId}}_lobster_quinoa": "{{i18n: dialogue.rejected_gift.Jorts}}",
                "reject_(O){{ModId}}_fried_sea_cucumber": "{{i18n: dialogue.rejected_gift.Jorts}}",
                "reject_(O){{ModId}}_fish_and_chips": "{{i18n: dialogue.rejected_gift.Jorts}}",
                "reject_(O){{ModId}}_broiled_tiger_trout": "{{i18n: dialogue.rejected_gift.Jorts}}",
                "reject_(O){{ModId}}_catfish_dinner": "{{i18n: dialogue.rejected_gift.Jorts}}",
                "reject_(O){{ModId}}_salmon_filet": "{{i18n: dialogue.rejected_gift.Jorts}}"
            }
        },
        //Wren
        {
            "Action": "EditData",
            "When": {
                "HasMod |contains=tiakall.wren": true
            },
            "Target": "Characters/Dialogue/WrenSong",
            "Entries": {
                "AcceptGift_(O){{ModId}}_baked_void_salmon": "{{i18n: dialogue.baked_void_salmon.Wren}}",
                "AcceptGift_(O){{ModId}}_smoked_salmon_bagel": "{{i18n: dialogue.smoked_salmon_bagel.Wren}}"  
            }
        }
        
    ]   
}

