{
    "Changes": [
        {
            "Action": "EditData",
            "Target": "Data/mail",
            "Entries": {
                "dumpling_soup_harvey": "{{i18n: mail.dumpling_soup_harvey}}%item cookingRecipe {{ModId}}_dumpling_soup%%[#]{{i18n:mail.title.dumpling_soup_harvey}}",
                "fried_egg_alex": "{{i18n: mail.fried_egg_alex}}%item cookingRecipe {{ModId}}_fried_egg%%[#]{{i18n: mail.title.fried_egg_alex}}",
                "tomato_soup_penny": "{{i18n: mail.tomato_soup_penny}}%item cookingRecipe {{ModId}}_tomato_soup%%[#]{{i18n: mail.title.tomato_soup_penny}}",
                "gooseberry_pie_leah": "{{i18n: mail.gooseberry_pie_leah}}%item cookingRecipe {{ModId}}_gooseberry_pie%%[#]{{i18n: mail.title.gooseberry_pie_leah}}",
                "pull_apart_bread_evelyn": "{{i18n: mail.pull_apart_bread_evelyn}}%item cookingRecipe {{ModId}}_pull_apart_bread%%[#]{{i18n: mail.title.pull_apart_bread_evelyn}}",
                "fancy_ramen_sebastian": "{{i18n: mail.fancy_ramen_sebastian}}%item cookingRecipe {{ModId}}_fancy_ramen%%[#]{{i18n: mail.title.fancy_ramen_sebastian}}",
                "sweet_potato_fries_caroline": "{{i18n: mail.sweet_potato_fries_caroline}}%item cookingRecipe {{ModId}}_sweet_potato_fries%%[#]{{i18n: mail.title.sweet_potato_fries_caroline}}",
                "fried_sea_cucumber_willy": "{{i18n: mail.fried_sea_cucumber_willy}}%item cookingRecipe {{ModId}}_fried_sea_cucumber%%[#]{{i18n: mail.title.fried_sea_cucumber_willy}}",
                "baked_void_salmon_krobus": "{{i18n: mail.baked_void_salmon_krobus}}%item cookingRecipe {{ModId}}_baked_void_salmon%%[#]{{i18n: mail.title.baked_void_salmon_krobus}}",
                "charcuterie_abigail": "{{i18n: mail.charcuterie_abigail}}%item cookingRecipe {{ModId}}_charcuterie%%[#]{{i18n: mail.title.charcuterie_abigail}}",
                "guacamole_maru": "{{i18n: mail.guacamole_maru}}%item cookingRecipe {{ModId}}_guacamole%%[#]{{i18n: mail.title.guacamole_maru}}",
                "omelette_marnie": "{{i18n: mail.omelette_marnie}}%item cookingRecipe {{ModId}}_omelette%%[#]{{i18n: mail.title.omelette_marnie}}",
                "omelette_marnie_2": "{{i18n: mail.omelette_marnie_2}}[#]{{i18n: mail.title.omelette_marnie_2}}",
                "mushroom_skewer_dwarf": "{{i18n: mail.mushroom_skewer_dwarf}}%item cookingRecipe {{ModId}}_mushroom_skewer%%[#]{{i18n: mail.title.mushroom_skewer_dwarf}}",
                "tofu_sandwich_emily": "{{i18n: mail.tofu_sandwich_emily}}%item cookingRecipe {{ModId}}_sandwich%%[#]{{i18n: mail.title.tofu_sandwich_emily}}",
                "pierogies_abigail": "{{i18n: mail.pierogies_abigail}}%item cookingRecipe {{ModId}}_pierogies%%[#]{{i18n: mail.title.pierogies_abigail}}",
                "margherita_pizza_sam": "{{i18n: mail.margherita_pizza_sam}}%item cookingRecipe {{ModId}}_margherita_pizza%%[#]{{i18n: mail.title.margherita_pizza_sam}}",
                "shrimp_rice_elliot": "{{i18n: mail.shrimp_rice_elliot}}%item cookingRecipe {{ModId}}_shrimp_rice%%[#]{{i18n: mail.title.shrimp_rice_elliot}}",
                "croquettes_gus": "{{i18n: mail.croquettes_gus}}%item cookingRecipe {{ModId}}_croquettes%%[#]{{i18n: mail.title.croquettes_gus}}",
                "apple_melon_pie_haley": "{{i18n: mail.apple_melon_pie_haley}}%item cookingRecipe {{ModId}}_apple_melon_pie%%[#]{{i18n: mail.title.apple_melon_pie_haley}}",
                "grilled_cheese_shane": "{{i18n: mail.grilled_cheese_shane}}%item cookingRecipe {{ModId}}_grilled_cheese%%[#]{{i18n: mail.title.grilled_cheese_shane}}",
                "smoked_salmon_bagel_kent": "{{i18n: mail.smoked_salmon_bagel_kent}}%item cookingRecipe {{ModId}}_smoked_salmon_bagel%%[#]{{i18n: mail.title.smoked_salmon_bagel_kent}}",
                "sweet_potato_mash_george": "{{i18n: mail.sweet_potato_mash_george}}%item cookingRecipe {{ModId}}_sweet_potato_mash%%[#]{{i18n: mail.title.sweet_potato_mash_george}}",
                "pita_sandwich_jodi": "{{i18n: mail.pita_sandwich_jodi}}%item cookingRecipe {{ModId}}_pita%%[#]{{i18n: mail.title.pita_sandwich_jodi}}",
                "minestrone_soup_lewis": "{{i18n: mail.minestrone_soup_lewis}}%item cookingRecipe {{ModId}}_minestrone_soup%%[#]{{i18n: mail.title.minestrone_soup_lewis}}",
                "burger_qos": "{{i18n: mail.burger_qos}}%item cookingRecipe {{ModId}}_burger%%[#]{{i18n: mail.title.burger_qos}}",
                "blackened_tofu_qos": "{{i18n: mail.blackened_tofu_qos}}%item cookingRecipe {{ModId}}_blackened_tofu%%[#]{{i18n: mail.title.blackened_tofu_qos}}",
                "miso_soup_qos": "{{i18n: mail.miso_soup_qos}}%item cookingRecipe {{ModId}}_miso_soup%%[#]{{i18n: mail.title.miso_soup_qos}}"
            }
        },
        {
            "Action": "EditData",
            "Target": "Data/mail",
            "When": {
                "alternate_unlock_unknowable": "On"
            },
            "Entries": {
                "unknowable_dish_wizard": "{{i18n: mail.unknowable_dish_wizard}}%item cookingRecipe {{ModId}}_unknowable_dish%%[#]{{i18n:mail.title.unknowable_dish_wizard}}"
            }
        }
    ]
}