{
	"Changes": [
		{
    "Action": "EditData",
    "Target": "Data/Objects",
    "When": {
				"flexible_recipes": "On",
                "HasMod |contains=spacechase0.SpaceCore": "true",
                "HasMod |contains=drbirbdev.SocializingSkill": "true"
			},
    "TargetField": [
        "{{ModId}}_adzuki_onigiri",
        "Buffs",
        "Food",
        "CustomFields"
    ],
    "Entries": {
        "spacechase0.SpaceCore.SkillBuff.drbirbdev.Socializing": 3.0
            }
        }
    ]
}

//TODO come back to this later i guess