{
    "Changes": [
        //Pierre Shop
        {
            "Action": "EditData",
            "Target": "Data/Shops",
            "TargetField": [ "SeedShop", "Items" ],
            "Entries": {
                "{{ModId}}_enchiladas": {
                    "ItemId": "{{ModId}}_enchiladas",
                    "IsRecipe": true,
                    "Price": 2000,
                    "Condition": "SEASON summer winter"
                }
            }
        },
        //Saloon
        {
            "Action": "EditData",
            "Target": "Data/Shops",
            "TargetField": [ "Saloon", "Items" ],
            "Entries": {
                "{{ModId}}_green_salad": {
                    "ItemId": "{{ModId}}_green_salad",
                    "IsRecipe": true,
                    "Price": 700
                },
                "{{ModId}}_dipping_fries": {
                    "ItemId": "{{ModId}}_dipping_fries",
                    "IsRecipe": true,
                    "Price": 500
                },
                "{{ModId}}_oatmeal_raisin_cookies": {
                    "ItemId": "{{ModId}}_oatmeal_raisin_cookies",
                    "IsRecipe": true,
                    "Condition": "YEAR 2",
                    "Price": 5000
                }
            }
        },
        //Resort
        {
            "Action": "EditData",
            "Target": "Data/Shops",
            "TargetField": [ "ResortBar", "Items" ],
            "Entries": {
                "{{ModId}}_beer_braised_mushrooms": {
                    "ItemId": "{{ModId}}_beer_braised_mushrooms",
                    "IsRecipe": true,
                    "Price": 2000
                }
            }
        },
        //Traveling Merchant
        {
            "Action": "EditData",
            "Target": "Data/Shops",
            "TargetField": [ "Traveler", "Items" ],
            "Entries": {
                "{{ModId}}_savory_crepes": {
                    "ItemId": "{{ModId}}_savory_crepes",
                    "IsRecipe": true,
                    "Price": 10000,
                    "Condition": "YEAR 2"
                }
            }
        },
        //Moonlight Jellies
        {
            "Action": "EditData",
            "Target": "Data/Shops",
            "TargetField": [ "Festival_DanceOfTheMoonlightJellies_Pierre", "Items" ],
            "Entries": {
                "{{ModId}}_lobster_quinoa": {
                    "ItemId": "{{ModId}}_lobster_quinoa",
                    "IsRecipe": true,
                    "Price": 2000,
                    "Condition": "YEAR 2"
                }
            }
        },
        //Egg Festival
        {
            "Action": "EditData",
            "Target": "Data/Shops",
            "TargetField": [ "Festival_EggFestival_Pierre", "Items" ],
            "Entries": {
                "{{ModId}}_cooked_egg": {
                    "ItemId": "{{ModId}}_cooked_egg",
                    "IsRecipe": true,
                    "Price": 500
                },
                "{{ModId}}_the_egg": {
                    "ItemId": "{{ModId}}_the_egg",
                    "IsRecipe": true,
                    "Price": 5000
                }
            }
        },
        //Winter Star Festival
        {
            "Action": "EditData",
            "Target": "Data/Shops",
            "TargetField": [ "Festival_FeastOfTheWinterStar_Pierre", "Items" ],
            "Entries": {
                "{{ModId}}_hot_cocoa": {
                    "ItemId": "{{ModId}}_hot_cocoa",
                    "IsRecipe": true,
                    "Price": 500
                }
            }
        },
        //Luau
        {
            "Action": "EditData",
            "Target": "Data/Shops",
            "TargetField": [ "Festival_Luau_Pierre", "Items" ],
            "Entries": {
                "{{ModId}}_dragonfruit_gelatin": {
                    "ItemId": "{{ModId}}_dragonfruit_gelatin",
                    "IsRecipe": true,
                    "Price": 800
                },
                "{{ModId}}_tropical_delight": {
                    "ItemId": "{{ModId}}_tropical_delight",
                    "IsRecipe": true,
                    "Price": 3000,
                    "Condition": "YEAR 2"
                }
            }
        },
        //Star Tokens
        {
            "Action": "EditData",
            "Target": "Data/Shops",
            "TargetField": [ "Festival_StardewValleyFair_StarTokens", "Items" ],
            "Entries": {
                "{{ModId}}_cinnamon_latte": {
                    "ItemId": "{{ModId}}_cinnamon_latte",
                    "IsRecipe": true,
                    "Price": 400
                }
            }
        },
        //Ice Cream
        {
            "Action": "EditData",
            "Target": "Data/Shops",
            "TargetField": [ "IceCreamStand", "Items" ],
            "Entries": {
                "{{ModId}}_vanilla_ice_cream": {
                    "ItemId": "{{ModId}}_vanilla_ice_cream",
                    "IsRecipe": true,
                    "Price": 500
                }
            }
        },
        //Sandy
        {
            "Action": "EditData",
            "Target": "Data/Shops",
            "TargetField": [ "Sandy", "Items" ],
            "Entries": {
                "{{ModId}}_bamboo_shoots": {
                    "ItemId": "{{ModId}}_bamboo_shoots",
                    "IsRecipe": true,
                    "Price": 1000
                },
                "{{ModId}}_caprese_salad": {
                    "ItemId": "{{ModId}}_caprese_salad",
                    "IsRecipe": true,
                    "Price": 1200
                }
            }
        },
        //Night Market
        {
            "Action": "EditData",
            "Target": "Data/Shops",
            "TargetField": [ "Festival_NightMarket_MagicBoat_Day1", "Items" ],
            "Entries": {
                "{{ModId}}_sauteed_vegetables": {
                    "ItemId": "{{ModId}}_sauteed_vegetables",
                    "IsRecipe": true,
                    "Price": 1500
                }
            }
        }
    ]
}