{
    "Changes": [
        {
            "Action": "EditData",
            "When": {
                "HasMod |contains=mistyspring.ItemExtensions": true,
                "alternate_unlock_maki": "Off"
            },
            "Target": "Mods/mistyspring.ItemExtensions/Treasure",
            "Entries": {
              "{{ModId}}_maki_recipe": {
                  "ItemId": "(O){{ModId}}_maki_recipe",
                  "Condition": "!PLAYER_HAS_COOKING_RECIPE Current {{ModId}}_fresh_maki",
                  "Chance": 0.05,
                  "MinStack": 1,
                  "MaxStack": 1
              }
            }
        }
    ]
}