{
    "Format": "2.3.0",
    "ConfigSchema": {
        "dino color": {
            "AllowValues": "Green, Pink, Blue, Brown, Purple, Teal, White, BlueGreen",
            "Default": "Green",
			"Description": "Choose the color you'd like your dinos to be!"
			}
        },
    "Changes": [
        {
            "Action": "Load",
            "Target": "Animals/Dinosaur",
            "FromFile": "assets/DinoGreen.png",
            "When": {
                "dino color": "Green"
            }
        },
        {
            "Action": "Load",
            "Target": "Animals/Dinosaur",
            "FromFile": "assets/DinoPink.png",
            "When": {
                "dino color": "Pink"
            }
        },
        {
            "Action": "Load",
            "Target": "Animals/Dinosaur",
            "FromFile": "assets/DinoBlue.png",
            "When": {
                "dino color": "Blue"
            }
        },
        {
            "Action": "Load",
            "Target": "Animals/Dinosaur",
            "FromFile": "assets/DinoBrown.png",
            "When": {
                "dino color": "Brown"
            }
        },
        {
            "Action": "Load",
            "Target": "Animals/Dinosaur",
            "FromFile": "assets/DinoTeal.png",
            "When": {
                "dino color": "Teal"
            }
        },
        {
            "Action": "Load",
            "Target": "Animals/Dinosaur",
            "FromFile": "assets/DinoPurple.png",
            "When": {
                "dino color": "Purple"
            }
        },
        {
            "Action": "Load",
            "Target": "Animals/Dinosaur",
            "FromFile": "assets/DinoWhite.png",
            "When": {
                "dino color": "White"
            }
        },
        {
            "Action": "Load",
            "Target": "Animals/Dinosaur",
            "FromFile": "assets/DinoBlueGreen.png",
            "When": {
                "dino color": "BlueGreen"
            }
        }
    ]
}