{
  "ForageSpawnEnabled": true,
  "LargeObjectSpawnEnabled": false,
  "OreSpawnEnabled": false,
  "MonsterSpawnEnabled": false,
  "Forage_Spawn_Settings": {
    "Areas": [
      {
        "SpringItemIndex": [
          {
            "category": "buried",
            "contents": [
              {
                "category": "object",
                "name": "Dinosaur Egg"
              }
            ],
            "percentchancetospawn": 10
          },
          {
            "category": "buried",
            "contents": [
              {
                "category": "object",
                "name": "Ancient Seed"
              }
            ],
            "percentchancetospawn": 10
          },
          {
            "category": "buried",
            "contents": [
              {
                "category": "object",
                "name": "Rare Seed"
              }
            ],
            "percentchancetospawn": 10
          },
          {
            "category": "buried",
            "contents": [
              {
                "category": "object",
                "name": "Rain Totem"
              }
            ],
            "percentchancetospawn": 10
          },
          {
            "category": "buried",
            "contents": [
              {
                "category": "object",
                "name": "Truffle"
              }
            ],
            "percentchancetospawn": 10
          },
          {
            "category": "buried",
            "contents": [
              {
                "category": "object",
                "name": "Iridium Ore"
              }
            ],
            "percentchancetospawn": 10
          }
        ],
        "SummerItemIndex": [
          {
            "category": "buried",
            "contents": [
              {
                "category": "object",
                "name": "Dinosaur Egg"
              }
            ],
            "percentchancetospawn": 10
          },
          {
            "category": "buried",
            "contents": [
              {
                "category": "object",
                "name": "Ancient Seed"
              }
            ],
            "percentchancetospawn": 10
          },
          {
            "category": "buried",
            "contents": [
              {
                "category": "object",
                "name": "Rare Seed"
              }
            ],
            "percentchancetospawn": 10
          },
          {
            "category": "buried",
            "contents": [
              {
                "category": "object",
                "name": "Rain Totem"
              }
            ],
            "percentchancetospawn": 10
          },
          {
            "category": "buried",
            "contents": [
              {
                "category": "object",
                "name": "Truffle"
              }
            ],
            "percentchancetospawn": 10
          },
          {
            "category": "buried",
            "contents": [
              {
                "category": "object",
                "name": "Iridium Ore"
              }
            ],
            "percentchancetospawn": 10
          }
        ],
        "FallItemIndex": [
          {
            "category": "buried",
            "contents": [
              {
                "category": "object",
                "name": "Dinosaur Egg"
              }
            ],
            "percentchancetospawn": 10
          },
          {
            "category": "buried",
            "contents": [
              {
                "category": "object",
                "name": "Ancient Seed"
              }
            ],
            "percentchancetospawn": 10
          },
          {
            "category": "buried",
            "contents": [
              {
                "category": "object",
                "name": "Rare Seed"
              }
            ],
            "percentchancetospawn": 10
          },
          {
            "category": "buried",
            "contents": [
              {
                "category": "object",
                "name": "Rain Totem"
              }
            ],
            "percentchancetospawn": 10
          },
          {
            "category": "buried",
            "contents": [
              {
                "category": "object",
                "name": "Truffle"
              }
            ],
            "percentchancetospawn": 10
          },
          {
            "category": "buried",
            "contents": [
              {
                "category": "object",
                "name": "Iridium Ore"
              }
            ],
            "percentchancetospawn": 10
          }
        ],
        "WinterItemIndex": [],
        "UniqueAreaID": "Secret Glade",
        "MapName": "Farm",
        "MinimumSpawnsPerDay": 0,
        "MaximumSpawnsPerDay": 1,
        "IncludeTerrainTypes": [],
        "ExcludeTerrainTypes": [],
        "IncludeCoordinates": [
          "58,143/59,144"
        ],
        "ExcludeCoordinates": [],
        "StrictTileChecking": "Maximum",
        "SpawnTiming": {
          "StartTime": 600,
          "EndTime": 600,
          "MinimumTimeBetweenSpawns": 10,
          "MaximumSimultaneousSpawns": null,
          "OnlySpawnIfAPlayerIsPresent": false,
          "SpawnSound": ""
        },
        "ExtraConditions": {
          "Years": [],
          "Seasons": [],
          "Days": [],
          "WeatherYesterday": [],
          "WeatherToday": [],
          "WeatherTomorrow": [],
          "GameStateQueries": [],
          "CPConditions": {},
          "EPUPreconditions": [],
          "LimitedNumberOfSpawns": null
        },
        "DaysUntilSpawnsExpire": null
      },
      {
        "SpringItemIndex": [
          {
            "category": "breakable",
            "contents": [
              {
                "category": "object",
                "name": "quartz",
                "stack": 2,
                "percentchancetospawn": 80
              }
            ],
            "percentchancetospawn": 50
          },
          {
            "category": "breakable",
            "contents": [
              {
                "category": "object",
                "name": "bomb",
                "stack": 1,
                "percentchancetospawn": 80
              }
            ],
            "percentchancetospawn": 50
          },
          {
            "category": "breakable",
            "contents": [
              {
                "category": "object",
                "name": "mahogany seed",
                "stack": 2,
                "percentchancetospawn": 80
              }
            ],
            "percentchancetospawn": 50
          },
          {
            "category": "breakable",
            "contents": [
              {
                "category": "object",
                "name": "earth crystal",
                "stack": 2,
                "percentchancetospawn": 80
              }
            ],
            "percentchancetospawn": 50
          },
          {
            "category": "breakable",
            "contents": [
              {
                "category": "object",
                "name": "dinosaur egg",
                "stack": 1,
                "percentchancetospawn": 50
              }
            ],
            "percentchancetospawn": 10
          },
          {
            "category": "breakable",
            "contents": [
              {
                "category": "object",
                "name": 180,
                "stack": 2,
                "percentchancetospawn": 80
              }
            ],
            "percentchancetospawn": 50
          },
          {
            "category": "breakable",
            "contents": [
              {
                "category": "object",
                "name": "green bean",
                "stack": 5,
                "percentchancetospawn": 80
              }
            ],
            "percentchancetospawn": 50
          },
          {
            "category": "breakable",
            "contents": [
              {
                "category": "object",
                "name": "strange bun",
                "stack": 1,
                "percentchancetospawn": 50
              }
            ],
            "percentchancetospawn": 50
          },
          {
            "category": "breakable",
            "contents": [
              {
                "category": "object",
                "name": "cookie",
                "stack": 2,
                "percentchancetospawn": 80
              }
            ],
            "percentchancetospawn": 20
          },
          {
            "category": "breakable",
            "contents": [
              {
                "category": "object",
                "name": "tea set",
                "stack": 1,
                "percentchancetospawn": 50
              }
            ],
            "percentchancetospawn": 10
          },
          {
            "category": "breakable",
            "contents": [
              {
                "category": "object",
                "name": "starfruit seeds",
                "stack": 2,
                "percentchancetospawn": 80
              }
            ],
            "percentchancetospawn": 20
          },
          {
            "category": "breakable",
            "contents": [
              {
                "category": "object",
                "name": "clay",
                "stack": 5,
                "percentchancetospawn": 80
              }
            ],
            "percentchancetospawn": 50
          },
          {
            "category": "breakable",
            "contents": [
              {
                "category": "object",
                "name": "rare seed",
                "stack": 1,
                "percentchancetospawn": 50
              }
            ],
            "percentchancetospawn": 10
          },
          {
            "category": "breakable",
            "contents": [
              {
                "category": "object",
                "name": "iron ore",
                "stack": 5,
                "percentchancetospawn": 50
              }
            ],
            "percentchancetospawn": 50
          },
          {
            "category": "breakable",
            "contents": [
              {
                "category": "object",
                "name": "iridium ore",
                "stack": 1,
                "percentchancetospawn": 50
              }
            ],
            "percentchancetospawn": 10
          },
          {
            "category": "breakable",
            "contents": [
              {
                "category": "object",
                "name": "coal",
                "stack": 4,
                "percentchancetospawn": 80
              }
            ],
            "percentchancetospawn": 50
          },
          {
            "category": "breakable",
            "contents": [
              {
                "category": "object",
                "name": "430",
                "stack": 1,
                "percentchancetospawn": 50
              }
            ],
            "percentchancetospawn": 30
          },
          {
            "category": "breakable",
            "contents": [
              {
                "category": "object",
                "name": "speed-gro",
                "stack": 4,
                "percentchancetospawn": 80
              }
            ],
            "percentchancetospawn": 50
          },
          {
            "category": "breakable",
            "contents": [
              {
                "category": "object",
                "name": "bug meat",
                "stack": 10,
                "percentchancetospawn": 80
              }
            ],
            "percentchancetospawn": 50
          },
          {
            "category": "breakable",
            "contents": [
              {
                "category": "object",
                "name": "rain totem",
                "stack": 1,
                "percentchancetospawn": 30
              }
            ],
            "percentchancetospawn": 10
          },
          {
            "category": "breakable",
            "contents": [
              {
                "category": "object",
                "name": "maple syrup",
                "stack": 2,
                "percentchancetospawn": 80
              }
            ],
            "percentchancetospawn": 30
          }
        ],
        "SummerItemIndex": [
          {
            "category": "breakable",
            "contents": [
              {
                "category": "object",
                "name": "quartz",
                "stack": 2,
                "percentchancetospawn": 80
              }
            ],
            "percentchancetospawn": 50
          },
          {
            "category": "breakable",
            "contents": [
              {
                "category": "object",
                "name": "bomb",
                "stack": 1,
                "percentchancetospawn": 80
              }
            ],
            "percentchancetospawn": 50
          },
          {
            "category": "breakable",
            "contents": [
              {
                "category": "object",
                "name": "mahogany seed",
                "stack": 2,
                "percentchancetospawn": 80
              }
            ],
            "percentchancetospawn": 50
          },
          {
            "category": "breakable",
            "contents": [
              {
                "category": "object",
                "name": "earth crystal",
                "stack": 2,
                "percentchancetospawn": 80
              }
            ],
            "percentchancetospawn": 50
          },
          {
            "category": "breakable",
            "contents": [
              {
                "category": "object",
                "name": "dinosaur egg",
                "stack": 1,
                "percentchancetospawn": 50
              }
            ],
            "percentchancetospawn": 10
          },
          {
            "category": "breakable",
            "contents": [
              {
                "category": "object",
                "name": 180,
                "stack": 2,
                "percentchancetospawn": 80
              }
            ],
            "percentchancetospawn": 50
          },
          {
            "category": "breakable",
            "contents": [
              {
                "category": "object",
                "name": "green bean",
                "stack": 5,
                "percentchancetospawn": 80
              }
            ],
            "percentchancetospawn": 50
          },
          {
            "category": "breakable",
            "contents": [
              {
                "category": "object",
                "name": "strange bun",
                "stack": 1,
                "percentchancetospawn": 50
              }
            ],
            "percentchancetospawn": 50
          },
          {
            "category": "breakable",
            "contents": [
              {
                "category": "object",
                "name": "cookie",
                "stack": 2,
                "percentchancetospawn": 80
              }
            ],
            "percentchancetospawn": 20
          },
          {
            "category": "breakable",
            "contents": [
              {
                "category": "object",
                "name": "tea set",
                "stack": 1,
                "percentchancetospawn": 50
              }
            ],
            "percentchancetospawn": 10
          },
          {
            "category": "breakable",
            "contents": [
              {
                "category": "object",
                "name": "starfruit seeds",
                "stack": 2,
                "percentchancetospawn": 80
              }
            ],
            "percentchancetospawn": 20
          },
          {
            "category": "breakable",
            "contents": [
              {
                "category": "object",
                "name": "clay",
                "stack": 5,
                "percentchancetospawn": 80
              }
            ],
            "percentchancetospawn": 50
          },
          {
            "category": "breakable",
            "contents": [
              {
                "category": "object",
                "name": "rare seed",
                "stack": 1,
                "percentchancetospawn": 50
              }
            ],
            "percentchancetospawn": 10
          },
          {
            "category": "breakable",
            "contents": [
              {
                "category": "object",
                "name": "iron ore",
                "stack": 5,
                "percentchancetospawn": 50
              }
            ],
            "percentchancetospawn": 50
          },
          {
            "category": "breakable",
            "contents": [
              {
                "category": "object",
                "name": "iridium ore",
                "stack": 1,
                "percentchancetospawn": 50
              }
            ],
            "percentchancetospawn": 10
          },
          {
            "category": "breakable",
            "contents": [
              {
                "category": "object",
                "name": "coal",
                "stack": 4,
                "percentchancetospawn": 80
              }
            ],
            "percentchancetospawn": 50
          },
          {
            "category": "breakable",
            "contents": [
              {
                "category": "object",
                "name": "430",
                "stack": 1,
                "percentchancetospawn": 50
              }
            ],
            "percentchancetospawn": 30
          },
          {
            "category": "breakable",
            "contents": [
              {
                "category": "object",
                "name": "speed-gro",
                "stack": 4,
                "percentchancetospawn": 80
              }
            ],
            "percentchancetospawn": 50
          },
          {
            "category": "breakable",
            "contents": [
              {
                "category": "object",
                "name": "bug meat",
                "stack": 10,
                "percentchancetospawn": 80
              }
            ],
            "percentchancetospawn": 50
          },
          {
            "category": "breakable",
            "contents": [
              {
                "category": "object",
                "name": "rain totem",
                "stack": 1,
                "percentchancetospawn": 30
              }
            ],
            "percentchancetospawn": 10
          },
          {
            "category": "breakable",
            "contents": [
              {
                "category": "object",
                "name": "maple syrup",
                "stack": 2,
                "percentchancetospawn": 80
              }
            ],
            "percentchancetospawn": 30
          }
        ],
        "FallItemIndex": [
          {
            "category": "breakable",
            "contents": [
              {
                "category": "object",
                "name": "quartz",
                "stack": 2,
                "percentchancetospawn": 80
              }
            ],
            "percentchancetospawn": 50
          },
          {
            "category": "breakable",
            "contents": [
              {
                "category": "object",
                "name": "bomb",
                "stack": 1,
                "percentchancetospawn": 80
              }
            ],
            "percentchancetospawn": 50
          },
          {
            "category": "breakable",
            "contents": [
              {
                "category": "object",
                "name": "mahogany seed",
                "stack": 2,
                "percentchancetospawn": 80
              }
            ],
            "percentchancetospawn": 50
          },
          {
            "category": "breakable",
            "contents": [
              {
                "category": "object",
                "name": "earth crystal",
                "stack": 2,
                "percentchancetospawn": 80
              }
            ],
            "percentchancetospawn": 50
          },
          {
            "category": "breakable",
            "contents": [
              {
                "category": "object",
                "name": "dinosaur egg",
                "stack": 1,
                "percentchancetospawn": 50
              }
            ],
            "percentchancetospawn": 10
          },
          {
            "category": "breakable",
            "contents": [
              {
                "category": "object",
                "name": 180,
                "stack": 2,
                "percentchancetospawn": 80
              }
            ],
            "percentchancetospawn": 50
          },
          {
            "category": "breakable",
            "contents": [
              {
                "category": "object",
                "name": "green bean",
                "stack": 5,
                "percentchancetospawn": 80
              }
            ],
            "percentchancetospawn": 50
          },
          {
            "category": "breakable",
            "contents": [
              {
                "category": "object",
                "name": "strange bun",
                "stack": 1,
                "percentchancetospawn": 50
              }
            ],
            "percentchancetospawn": 50
          },
          {
            "category": "breakable",
            "contents": [
              {
                "category": "object",
                "name": "cookie",
                "stack": 2,
                "percentchancetospawn": 80
              }
            ],
            "percentchancetospawn": 20
          },
          {
            "category": "breakable",
            "contents": [
              {
                "category": "object",
                "name": "tea set",
                "stack": 1,
                "percentchancetospawn": 50
              }
            ],
            "percentchancetospawn": 10
          },
          {
            "category": "breakable",
            "contents": [
              {
                "category": "object",
                "name": "starfruit seeds",
                "stack": 2,
                "percentchancetospawn": 80
              }
            ],
            "percentchancetospawn": 20
          },
          {
            "category": "breakable",
            "contents": [
              {
                "category": "object",
                "name": "clay",
                "stack": 5,
                "percentchancetospawn": 80
              }
            ],
            "percentchancetospawn": 50
          },
          {
            "category": "breakable",
            "contents": [
              {
                "category": "object",
                "name": "rare seed",
                "stack": 1,
                "percentchancetospawn": 50
              }
            ],
            "percentchancetospawn": 10
          },
          {
            "category": "breakable",
            "contents": [
              {
                "category": "object",
                "name": "iron ore",
                "stack": 5,
                "percentchancetospawn": 50
              }
            ],
            "percentchancetospawn": 50
          },
          {
            "category": "breakable",
            "contents": [
              {
                "category": "object",
                "name": "iridium ore",
                "stack": 1,
                "percentchancetospawn": 50
              }
            ],
            "percentchancetospawn": 10
          },
          {
            "category": "breakable",
            "contents": [
              {
                "category": "object",
                "name": "coal",
                "stack": 4,
                "percentchancetospawn": 80
              }
            ],
            "percentchancetospawn": 50
          },
          {
            "category": "breakable",
            "contents": [
              {
                "category": "object",
                "name": "430",
                "stack": 1,
                "percentchancetospawn": 50
              }
            ],
            "percentchancetospawn": 30
          },
          {
            "category": "breakable",
            "contents": [
              {
                "category": "object",
                "name": "speed-gro",
                "stack": 4,
                "percentchancetospawn": 80
              }
            ],
            "percentchancetospawn": 50
          },
          {
            "category": "breakable",
            "contents": [
              {
                "category": "object",
                "name": "bug meat",
                "stack": 10,
                "percentchancetospawn": 80
              }
            ],
            "percentchancetospawn": 50
          },
          {
            "category": "breakable",
            "contents": [
              {
                "category": "object",
                "name": "rain totem",
                "stack": 1,
                "percentchancetospawn": 30
              }
            ],
            "percentchancetospawn": 10
          },
          {
            "category": "breakable",
            "contents": [
              {
                "category": "object",
                "name": "maple syrup",
                "stack": 2,
                "percentchancetospawn": 80
              }
            ],
            "percentchancetospawn": 30
          }
        ],
        "WinterItemIndex": [
          {
            "category": "breakable",
            "contents": [
              {
                "category": "object",
                "name": "quartz",
                "stack": 2,
                "percentchancetospawn": 80
              }
            ],
            "percentchancetospawn": 50
          },
          {
            "category": "breakable",
            "contents": [
              {
                "category": "object",
                "name": "bomb",
                "stack": 1,
                "percentchancetospawn": 80
              }
            ],
            "percentchancetospawn": 50
          },
          {
            "category": "breakable",
            "contents": [
              {
                "category": "object",
                "name": "mahogany seed",
                "stack": 2,
                "percentchancetospawn": 80
              }
            ],
            "percentchancetospawn": 50
          },
          {
            "category": "breakable",
            "contents": [
              {
                "category": "object",
                "name": "earth crystal",
                "stack": 2,
                "percentchancetospawn": 80
              }
            ],
            "percentchancetospawn": 50
          },
          {
            "category": "breakable",
            "contents": [
              {
                "category": "object",
                "name": "dinosaur egg",
                "stack": 1,
                "percentchancetospawn": 50
              }
            ],
            "percentchancetospawn": 10
          },
          {
            "category": "breakable",
            "contents": [
              {
                "category": "object",
                "name": 180,
                "stack": 2,
                "percentchancetospawn": 80
              }
            ],
            "percentchancetospawn": 50
          },
          {
            "category": "breakable",
            "contents": [
              {
                "category": "object",
                "name": "green bean",
                "stack": 5,
                "percentchancetospawn": 80
              }
            ],
            "percentchancetospawn": 50
          },
          {
            "category": "breakable",
            "contents": [
              {
                "category": "object",
                "name": "strange bun",
                "stack": 1,
                "percentchancetospawn": 50
              }
            ],
            "percentchancetospawn": 50
          },
          {
            "category": "breakable",
            "contents": [
              {
                "category": "object",
                "name": "cookie",
                "stack": 2,
                "percentchancetospawn": 80
              }
            ],
            "percentchancetospawn": 20
          },
          {
            "category": "breakable",
            "contents": [
              {
                "category": "object",
                "name": "tea set",
                "stack": 1,
                "percentchancetospawn": 50
              }
            ],
            "percentchancetospawn": 10
          },
          {
            "category": "breakable",
            "contents": [
              {
                "category": "object",
                "name": "starfruit seeds",
                "stack": 2,
                "percentchancetospawn": 80
              }
            ],
            "percentchancetospawn": 20
          },
          {
            "category": "breakable",
            "contents": [
              {
                "category": "object",
                "name": "clay",
                "stack": 5,
                "percentchancetospawn": 80
              }
            ],
            "percentchancetospawn": 50
          },
          {
            "category": "breakable",
            "contents": [
              {
                "category": "object",
                "name": "rare seed",
                "stack": 1,
                "percentchancetospawn": 50
              }
            ],
            "percentchancetospawn": 10
          },
          {
            "category": "breakable",
            "contents": [
              {
                "category": "object",
                "name": "iron ore",
                "stack": 5,
                "percentchancetospawn": 50
              }
            ],
            "percentchancetospawn": 50
          },
          {
            "category": "breakable",
            "contents": [
              {
                "category": "object",
                "name": "iridium ore",
                "stack": 1,
                "percentchancetospawn": 50
              }
            ],
            "percentchancetospawn": 10
          },
          {
            "category": "breakable",
            "contents": [
              {
                "category": "object",
                "name": "coal",
                "stack": 4,
                "percentchancetospawn": 80
              }
            ],
            "percentchancetospawn": 50
          },
          {
            "category": "breakable",
            "contents": [
              {
                "category": "object",
                "name": "430",
                "stack": 1,
                "percentchancetospawn": 50
              }
            ],
            "percentchancetospawn": 30
          },
          {
            "category": "breakable",
            "contents": [
              {
                "category": "object",
                "name": "speed-gro",
                "stack": 4,
                "percentchancetospawn": 80
              }
            ],
            "percentchancetospawn": 50
          },
          {
            "category": "breakable",
            "contents": [
              {
                "category": "object",
                "name": "bug meat",
                "stack": 10,
                "percentchancetospawn": 80
              }
            ],
            "percentchancetospawn": 50
          },
          {
            "category": "breakable",
            "contents": [
              {
                "category": "object",
                "name": "rain totem",
                "stack": 1,
                "percentchancetospawn": 30
              }
            ],
            "percentchancetospawn": 10
          },
          {
            "category": "breakable",
            "contents": [
              {
                "category": "object",
                "name": "maple syrup",
                "stack": 2,
                "percentchancetospawn": 80
              }
            ],
            "percentchancetospawn": 30
          }
        ],
        "UniqueAreaID": "HCTreeHouseForage",
        "MapName": "Katu.HoneyCreekFarm/TreeHouse",
        "MinimumSpawnsPerDay": 2,
        "MaximumSpawnsPerDay": 5,
        "IncludeTerrainTypes": [],
        "ExcludeTerrainTypes": [],
        "IncludeCoordinates": [
          "3,6/7,9"
        ],
        "ExcludeCoordinates": [],
        "StrictTileChecking": "Maximum",
        "SpawnTiming": {
          "StartTime": 600,
          "EndTime": 600,
          "MinimumTimeBetweenSpawns": 10,
          "MaximumSimultaneousSpawns": null,
          "OnlySpawnIfAPlayerIsPresent": false,
          "SpawnSound": ""
        },
        "ExtraConditions": {
          "Years": [],
          "Seasons": [],
          "Days": [],
          "WeatherYesterday": [],
          "WeatherToday": [],
          "WeatherTomorrow": [],
          "GameStateQueries": [],
          "CPConditions": {},
          "EPUPreconditions": [],
          "LimitedNumberOfSpawns": null
        },
        "DaysUntilSpawnsExpire": 5
      },
      {
        "SpringItemIndex": [
          {
            "category": "object",
            "name": "Clam",
            "percentchancetospawn": 56
          },
          {
            "category": "object",
            "name": "Cockle",
            "percentchancetospawn": 6
          },
          {
            "category": "object",
            "name": "Mussel",
            "percentchancetospawn": 19
          },
          {
            "category": "object",
            "name": "Oyster",
            "percentchancetospawn": 19
          },
          {
            "category": "object",
            "name": "Coral",
            "percentchancetospawn": 30
          },
          {
            "category": "object",
            "name": "Sea Urchin",
            "percentchancetospawn": 30
          },
          {
            "category": "object",
            "name": "Seaweed",
            "percentchancetospawn": 30
          }
        ],
        "SummerItemIndex": [
          {
            "category": "object",
            "name": "Clam",
            "percentchancetospawn": 56
          },
          {
            "category": "object",
            "name": "Cockle",
            "percentchancetospawn": 6
          },
          {
            "category": "object",
            "name": "Mussel",
            "percentchancetospawn": 19
          },
          {
            "category": "object",
            "name": "Oyster",
            "percentchancetospawn": 19
          },
          {
            "category": "object",
            "name": "Coral",
            "percentchancetospawn": 30
          },
          {
            "category": "object",
            "name": "Sea Urchin",
            "percentchancetospawn": 30
          },
          {
            "category": "object",
            "name": "Seaweed",
            "percentchancetospawn": 30
          },
          {
            "category": "object",
            "name": "Rainbow Shell",
            "percentchancetospawn": 24
          }
        ],
        "FallItemIndex": [
          {
            "category": "object",
            "name": "Clam",
            "percentchancetospawn": 56
          },
          {
            "category": "object",
            "name": "Cockle",
            "percentchancetospawn": 6
          },
          {
            "category": "object",
            "name": "Mussel",
            "percentchancetospawn": 19
          },
          {
            "category": "object",
            "name": "Oyster",
            "percentchancetospawn": 19
          },
          {
            "category": "object",
            "name": "Coral",
            "percentchancetospawn": 30
          },
          {
            "category": "object",
            "name": "Sea Urchin",
            "percentchancetospawn": 30
          },
          {
            "category": "object",
            "name": "Seaweed",
            "percentchancetospawn": 30
          }
        ],
        "WinterItemIndex": [
          {
            "category": "object",
            "name": "Clam",
            "percentchancetospawn": 56
          },
          {
            "category": "object",
            "name": "Cockle",
            "percentchancetospawn": 6
          },
          {
            "category": "object",
            "name": "Mussel",
            "percentchancetospawn": 19
          },
          {
            "category": "object",
            "name": "Oyster",
            "percentchancetospawn": 19
          },
          {
            "category": "object",
            "name": "Coral",
            "percentchancetospawn": 30
          },
          {
            "category": "object",
            "name": "Sea Urchin",
            "percentchancetospawn": 30
          },
          {
            "category": "object",
            "name": "Seaweed",
            "percentchancetospawn": 30
          },
          {
            "category": "object",
            "name": "Nautilus Shell",
            "percentchancetospawn": 48
          }
        ],
        "UniqueAreaID": "HCBeachForage",
        "MapName": "Farm",
        "MinimumSpawnsPerDay": 7,
        "MaximumSpawnsPerDay": 15,
        "IncludeTerrainTypes": [],
        "ExcludeTerrainTypes": [],
        "IncludeCoordinates": [
          "88,131/143,157"
        ],
        "ExcludeCoordinates": [],
        "StrictTileChecking": "Maximum",
        "SpawnTiming": {
          "StartTime": 600,
          "EndTime": 600,
          "MinimumTimeBetweenSpawns": 10,
          "MaximumSimultaneousSpawns": null,
          "OnlySpawnIfAPlayerIsPresent": false,
          "SpawnSound": ""
        },
        "ExtraConditions": {
          "Years": [],
          "Seasons": [],
          "Days": [],
          "WeatherYesterday": [],
          "WeatherToday": [],
          "WeatherTomorrow": [],
          "GameStateQueries": [],
          "CPConditions": {},
          "EPUPreconditions": [],
          "LimitedNumberOfSpawns": null
        },
        "DaysUntilSpawnsExpire": null
      },
      {
        "SpringItemIndex": [
          {
            "category": "object",
            "name": "Morel"
          },
          {
            "category": "object",
            "name": "Chanterelle"
          },
          {
            "category": "object",
            "name": "Common Mushroom"
          },
          {
            "category": "object",
            "name": "420"
          }
        ],
        "SummerItemIndex": [
          {
            "category": "object",
            "name": "Morel"
          },
          {
            "category": "object",
            "name": "Chanterelle"
          },
          {
            "category": "object",
            "name": "Common Mushroom"
          },
          {
            "category": "object",
            "name": "420"
          }
        ],
        "FallItemIndex": [
          {
            "category": "object",
            "name": "Morel"
          },
          {
            "category": "object",
            "name": "Chanterelle"
          },
          {
            "category": "object",
            "name": "Common Mushroom"
          },
          {
            "category": "object",
            "name": "420"
          }
        ],
        "WinterItemIndex": [],
        "UniqueAreaID": "HCSwampForage",
        "MapName": "Farm",
        "MinimumSpawnsPerDay": 1,
        "MaximumSpawnsPerDay": 3,
        "IncludeTerrainTypes": [],
        "ExcludeTerrainTypes": [],
        "IncludeCoordinates": [
          "0,69/20,74",
          "20,76/24,92",
          "0,93/23,113"
        ],
        "ExcludeCoordinates": [],
        "StrictTileChecking": "Maximum",
        "SpawnTiming": {
          "StartTime": 600,
          "EndTime": 600,
          "MinimumTimeBetweenSpawns": 10,
          "MaximumSimultaneousSpawns": null,
          "OnlySpawnIfAPlayerIsPresent": false,
          "SpawnSound": ""
        },
        "ExtraConditions": {
          "Years": [],
          "Seasons": [],
          "Days": [],
          "WeatherYesterday": [],
          "WeatherToday": [],
          "WeatherTomorrow": [],
          "GameStateQueries": [],
          "CPConditions": {},
          "EPUPreconditions": [],
          "LimitedNumberOfSpawns": null
        },
        "DaysUntilSpawnsExpire": 7
      },
      {
        "SpringItemIndex": [
          {
            "category": "object",
            "name": "422",
            "percentchancetospawn": 56
          }
        ],
        "SummerItemIndex": [
          {
            "category": "object",
            "name": "422",
            "percentchancetospawn": 56
          }
        ],
        "FallItemIndex": [
          {
            "category": "object",
            "name": "422",
            "percentchancetospawn": 56
          }
        ],
        "WinterItemIndex": [
          {
            "category": "object",
            "name": "422",
            "percentchancetospawn": 10
          }
        ],
        "UniqueAreaID": "HCSwampForageRare",
        "MapName": "Farm",
        "MinimumSpawnsPerDay": 0,
        "MaximumSpawnsPerDay": 1,
        "IncludeTerrainTypes": [],
        "ExcludeTerrainTypes": [],
        "IncludeCoordinates": [
          "0,69/20,74",
          "20,76/24,92",
          "0,93/23,113"
        ],
        "ExcludeCoordinates": [],
        "StrictTileChecking": "Maximum",
        "SpawnTiming": {
          "StartTime": 600,
          "EndTime": 600,
          "MinimumTimeBetweenSpawns": 10,
          "MaximumSimultaneousSpawns": null,
          "OnlySpawnIfAPlayerIsPresent": false,
          "SpawnSound": ""
        },
        "ExtraConditions": {
          "Years": [],
          "Seasons": [],
          "Days": [],
          "WeatherYesterday": [],
          "WeatherToday": [],
          "WeatherTomorrow": [],
          "GameStateQueries": [
            "MINE_LOWEST_LEVEL_REACHED 81"
          ],
          "CPConditions": {},
          "EPUPreconditions": [],
          "LimitedNumberOfSpawns": null
        },
        "DaysUntilSpawnsExpire": 3
      },
      {
        "SpringItemIndex": [
          "wildflour.ateliercrops_dusk_cap"
        ],
        "SummerItemIndex": [
          "wildflour.ateliercrops_blush_cap",
          "wildflour.ateliercrops_chickenwoods",
          "wildflour.ateliercrops_dawn_trumpet"
        ],
        "FallItemIndex": [
          "wildflour.ateliercrops_amanita_cluster",
          {
            "category": "Buried",
            "contents": [
              "wildflour.ateliercrops_mandrake"
            ]
          }
        ],
        "WinterItemIndex": [
          "wildflour.ateliercrops_verdigris_agaric",
          "wildflour.ateliercrops_faerie_helmets"
        ],
        "UniqueAreaID": "HCSwampForage_FG_Wildflour",
        "MapName": "Farm",
        "MinimumSpawnsPerDay": 1,
        "MaximumSpawnsPerDay": 3,
        "IncludeTerrainTypes": [],
        "ExcludeTerrainTypes": [],
        "IncludeCoordinates": [
          "0,69/20,74",
          "20,76/24,92",
          "0,93/23,113"
        ],
        "ExcludeCoordinates": [],
        "StrictTileChecking": "Maximum",
        "SpawnTiming": {
          "StartTime": 600,
          "EndTime": 600,
          "MinimumTimeBetweenSpawns": 10,
          "MaximumSimultaneousSpawns": null,
          "OnlySpawnIfAPlayerIsPresent": false,
          "SpawnSound": ""
        },
        "ExtraConditions": {
          "Years": [],
          "Seasons": [],
          "Days": [],
          "WeatherYesterday": [],
          "WeatherToday": [],
          "WeatherTomorrow": [],
          "GameStateQueries": [
            "CAULDRON_CONFIG_VALUE FaerieGarden True"
          ],
          "CPConditions": {
            "HasMod": "Atelier.Cauldron"
          },
          "EPUPreconditions": [],
          "LimitedNumberOfSpawns": null
        },
        "DaysUntilSpawnsExpire": 7
      },
      {
        "SpringItemIndex": [],
        "SummerItemIndex": [
          "wildflour.ateliercrops_chickenwoods"
        ],
        "FallItemIndex": [],
        "WinterItemIndex": [],
        "UniqueAreaID": "HCSwampForage_WF_Wildflour",
        "MapName": "Farm",
        "MinimumSpawnsPerDay": 0,
        "MaximumSpawnsPerDay": 1,
        "IncludeTerrainTypes": [],
        "ExcludeTerrainTypes": [],
        "IncludeCoordinates": [
          "0,69/20,74",
          "20,76/24,92",
          "0,93/23,113"
        ],
        "ExcludeCoordinates": [],
        "StrictTileChecking": "Maximum",
        "SpawnTiming": {
          "StartTime": 600,
          "EndTime": 600,
          "MinimumTimeBetweenSpawns": 10,
          "MaximumSimultaneousSpawns": null,
          "OnlySpawnIfAPlayerIsPresent": false,
          "SpawnSound": ""
        },
        "ExtraConditions": {
          "Years": [],
          "Seasons": [],
          "Days": [],
          "WeatherYesterday": [],
          "WeatherToday": [],
          "WeatherTomorrow": [],
          "GameStateQueries": [
            "CAULDRON_CONFIG_VALUE WildFood True"
          ],
          "CPConditions": {
            "HasMod": "Atelier.Cauldron"
          },
          "EPUPreconditions": [],
          "LimitedNumberOfSpawns": null
        },
        "DaysUntilSpawnsExpire": 7
      },
      {
        "SpringItemIndex": [
          16,
          20,
          22,
          257
        ],
        "SummerItemIndex": [
          396,
          398,
          402,
          404
        ],
        "FallItemIndex": [
          281,
          404,
          420,
          422
        ],
        "WinterItemIndex": [],
        "UniqueAreaID": "HCForestForage",
        "MapName": "Farm",
        "MinimumSpawnsPerDay": 3,
        "MaximumSpawnsPerDay": 10,
        "IncludeTerrainTypes": [],
        "ExcludeTerrainTypes": [],
        "IncludeCoordinates": [
          "0,0/52,66",
          "27,67/52,113",
          "127,49/145,126"
        ],
        "ExcludeCoordinates": [],
        "StrictTileChecking": "Maximum",
        "SpawnTiming": {
          "StartTime": 600,
          "EndTime": 600,
          "MinimumTimeBetweenSpawns": 10,
          "MaximumSimultaneousSpawns": null,
          "OnlySpawnIfAPlayerIsPresent": false,
          "SpawnSound": ""
        },
        "ExtraConditions": {
          "Years": [],
          "Seasons": [],
          "Days": [],
          "WeatherYesterday": [],
          "WeatherToday": [],
          "WeatherTomorrow": [],
          "GameStateQueries": [],
          "CPConditions": {},
          "EPUPreconditions": [],
          "LimitedNumberOfSpawns": null
        },
        "DaysUntilSpawnsExpire": 7
      },
      {
        "SpringItemIndex": [
          "wildflour.ateliercrops_puffball",
          "wildflour.ateliercrops_clover",
          "wildflour.ateliercrops_mysteria"
        ],
        "SummerItemIndex": [
          "wildflour.ateliercrops_arctic_fox",
          "wildflour.ateliercrops_yarrow",
          "wildflour.ateliercrops_thistle"
        ],
        "FallItemIndex": [
          "wildflour.ateliercrops_cherry",
          "wildflour.ateliercrops_giant_amanita",
          {
            "category": "Buried",
            "contents": [
              "wildflour.ateliercrops_mandrake"
            ]
          },
          "wildflour.ateliercrops_raven_feather"
        ],
        "WinterItemIndex": [
          "wildflour.ateliercrops_crow_feather",
          "wildflour.ateliercrops_primrose",
          "wildflour.ateliercrops_faerie_helmets"
        ],
        "UniqueAreaID": "HCForestForage_FG_Wildflour",
        "MapName": "Farm",
        "MinimumSpawnsPerDay": 1,
        "MaximumSpawnsPerDay": 5,
        "IncludeTerrainTypes": [],
        "ExcludeTerrainTypes": [],
        "IncludeCoordinates": [
          "0,0/52,66",
          "27,67/52,113",
          "127,49/145,126"
        ],
        "ExcludeCoordinates": [],
        "StrictTileChecking": "Maximum",
        "SpawnTiming": {
          "StartTime": 600,
          "EndTime": 600,
          "MinimumTimeBetweenSpawns": 10,
          "MaximumSimultaneousSpawns": null,
          "OnlySpawnIfAPlayerIsPresent": false,
          "SpawnSound": ""
        },
        "ExtraConditions": {
          "Years": [],
          "Seasons": [],
          "Days": [],
          "WeatherYesterday": [],
          "WeatherToday": [],
          "WeatherTomorrow": [],
          "GameStateQueries": [
            "CAULDRON_CONFIG_VALUE FaerieGarden True"
          ],
          "CPConditions": {
            "HasMod": "Atelier.Cauldron"
          },
          "EPUPreconditions": [],
          "LimitedNumberOfSpawns": null
        },
        "DaysUntilSpawnsExpire": 7
      },
      {
        "SpringItemIndex": [
          "wildflour.ateliercrops_mint",
          "wildflour.ateliercrops_lavender",
          "wildflour.ateliercrops_strawberry",
          "wildflour.ateliercrops_lavender",
          "wildflour.ateliercrops_almond"
        ],
        "SummerItemIndex": [
          "wildflour.ateliercrops_raspberry",
          "wildflour.ateliercrops_chamomile",
          "wildflour.ateliercrops_elderberries"
        ],
        "FallItemIndex": [
          "wildflour.ateliercrops_sage",
          "wildflour.ateliercrops_wheatshroom",
          "wildflour.ateliercrops_milkshroom"
        ],
        "WinterItemIndex": [
          "wildflour.ateliercrops_rosemary",
          "wildflour.ateliercrops_walnut",
          "wildflour.ateliercrops_almond",
          "wildflour.ateliercrops_cinnamon"
        ],
        "UniqueAreaID": "HCForestForage_WF_Wildflour",
        "MapName": "Farm",
        "MinimumSpawnsPerDay": 1,
        "MaximumSpawnsPerDay": 5,
        "IncludeTerrainTypes": [],
        "ExcludeTerrainTypes": [],
        "IncludeCoordinates": [
          "0,0/52,66",
          "27,67/52,113",
          "127,49/145,126"
        ],
        "ExcludeCoordinates": [],
        "StrictTileChecking": "Maximum",
        "SpawnTiming": {
          "StartTime": 600,
          "EndTime": 600,
          "MinimumTimeBetweenSpawns": 10,
          "MaximumSimultaneousSpawns": null,
          "OnlySpawnIfAPlayerIsPresent": false,
          "SpawnSound": ""
        },
        "ExtraConditions": {
          "Years": [],
          "Seasons": [],
          "Days": [],
          "WeatherYesterday": [],
          "WeatherToday": [],
          "WeatherTomorrow": [],
          "GameStateQueries": [
            "CAULDRON_CONFIG_VALUE WildFood True"
          ],
          "CPConditions": {
            "HasMod": "Atelier.Cauldron"
          },
          "EPUPreconditions": [],
          "LimitedNumberOfSpawns": null
        },
        "DaysUntilSpawnsExpire": 7
      }
    ],
    "PercentExtraSpawnsPerForagingLevel": 5,
    "SpringItemIndex": [
      16,
      20,
      22,
      257
    ],
    "SummerItemIndex": [
      396,
      398,
      402,
      404
    ],
    "FallItemIndex": [
      281,
      404,
      420,
      422
    ],
    "WinterItemIndex": [],
    "CustomTileIndex": []
  },
  "Large_Object_Spawn_Settings": {
    "Areas": [
      {
        "ObjectTypes": [
          "Stump"
        ],
        "FindExistingObjectLocations": true,
        "PercentExtraSpawnsPerSkillLevel": 0,
        "RelatedSkill": "Foraging",
        "UniqueAreaID": "Farm large object area 1",
        "MapName": "Farm",
        "MinimumSpawnsPerDay": 999,
        "MaximumSpawnsPerDay": 999,
        "IncludeTerrainTypes": [],
        "ExcludeTerrainTypes": [],
        "IncludeCoordinates": [],
        "ExcludeCoordinates": [],
        "StrictTileChecking": "Maximum",
        "SpawnTiming": {
          "StartTime": 600,
          "EndTime": 600,
          "MinimumTimeBetweenSpawns": 10,
          "MaximumSimultaneousSpawns": null,
          "OnlySpawnIfAPlayerIsPresent": false,
          "SpawnSound": ""
        },
        "ExtraConditions": {
          "Years": [],
          "Seasons": [],
          "Days": [],
          "WeatherYesterday": [],
          "WeatherToday": [],
          "WeatherTomorrow": [],
          "GameStateQueries": [],
          "CPConditions": {},
          "EPUPreconditions": [],
          "LimitedNumberOfSpawns": null
        },
        "DaysUntilSpawnsExpire": null
      }
    ],
    "CustomTileIndex": []
  },
  "Ore_Spawn_Settings": {
    "Areas": [
      {
        "MiningLevelRequired": null,
        "StartingSpawnChance": null,
        "LevelTenSpawnChance": null,
        "UniqueAreaID": "Farm ore area 1",
        "MapName": "Farm",
        "MinimumSpawnsPerDay": 1,
        "MaximumSpawnsPerDay": 5,
        "IncludeTerrainTypes": [
          "Quarry"
        ],
        "ExcludeTerrainTypes": [],
        "IncludeCoordinates": [],
        "ExcludeCoordinates": [],
        "StrictTileChecking": "Maximum",
        "SpawnTiming": {
          "StartTime": 600,
          "EndTime": 600,
          "MinimumTimeBetweenSpawns": 10,
          "MaximumSimultaneousSpawns": null,
          "OnlySpawnIfAPlayerIsPresent": false,
          "SpawnSound": ""
        },
        "ExtraConditions": {
          "Years": [],
          "Seasons": [],
          "Days": [],
          "WeatherYesterday": [],
          "WeatherToday": [],
          "WeatherTomorrow": [],
          "GameStateQueries": [],
          "CPConditions": {},
          "EPUPreconditions": [],
          "LimitedNumberOfSpawns": null
        },
        "DaysUntilSpawnsExpire": null
      }
    ],
    "PercentExtraSpawnsPerMiningLevel": 0,
    "MiningLevelRequired": {
      "Stone": 0,
      "Geode": 0,
      "FrozenGeode": 5,
      "MagmaGeode": 8,
      "OmniGeode": 0,
      "Gem": 6,
      "Copper": 0,
      "Iron": 4,
      "Gold": 7,
      "Iridium": 9,
      "Mystic": 10,
      "Radioactive": 0,
      "Diamond": 6,
      "Ruby": 6,
      "Jade": 6,
      "Amethyst": 6,
      "Topaz": 6,
      "Emerald": 6,
      "Aquamarine": 6,
      "Mussel": 0,
      "Fossil": 0,
      "Clay": 0,
      "CinderShard": 0,
      "Coal": 0
    },
    "StartingSpawnChance": {
      "Stone": 66,
      "Geode": 8,
      "FrozenGeode": 4,
      "MagmaGeode": 2,
      "OmniGeode": 0,
      "Gem": 5,
      "Copper": 21,
      "Iron": 15,
      "Gold": 10,
      "Iridium": 1,
      "Mystic": 1,
      "Radioactive": 0,
      "Diamond": 0,
      "Ruby": 0,
      "Jade": 0,
      "Amethyst": 0,
      "Topaz": 0,
      "Emerald": 0,
      "Aquamarine": 0,
      "Mussel": 0,
      "Fossil": 0,
      "Clay": 0,
      "CinderShard": 0,
      "Coal": 0
    },
    "LevelTenSpawnChance": {
      "Stone": 48,
      "Geode": 2,
      "FrozenGeode": 2,
      "MagmaGeode": 2,
      "OmniGeode": 0,
      "Gem": 5,
      "Copper": 16,
      "Iron": 13,
      "Gold": 10,
      "Iridium": 1,
      "Mystic": 1,
      "Radioactive": 0,
      "Diamond": 0,
      "Ruby": 0,
      "Jade": 0,
      "Amethyst": 0,
      "Topaz": 0,
      "Emerald": 0,
      "Aquamarine": 0,
      "Mussel": 0,
      "Fossil": 0,
      "Clay": 0,
      "CinderShard": 0,
      "Coal": 0
    },
    "CustomTileIndex": []
  },
  "Monster_Spawn_Settings": {
    "Areas": [
      {
        "MonsterTypes": [
          {
            "MonsterName": "shadow brute",
            "Settings": {
              "RelatedSkill": "Combat",
              "MinimumSkillLevel": 8
            }
          },
          {
            "MonsterName": "wilderness golem",
            "Settings": {
              "SpawnWeight": 4
            }
          },
          {
            "MonsterName": "purple slime",
            "Settings": {
              "RelatedSkill": "Combat",
              "MinimumSkillLevel": 10,
              "SpawnWeight": 2
            }
          },
          {
            "MonsterName": "red slime",
            "Settings": {
              "RelatedSkill": "Combat",
              "MinimumSkillLevel": 8,
              "MaximumSkillLevel": 9,
              "SpawnWeight": 2
            }
          },
          {
            "MonsterName": "blue slime",
            "Settings": {
              "RelatedSkill": "Combat",
              "MinimumSkillLevel": 4,
              "MaximumSkillLevel": 7,
              "SpawnWeight": 2
            }
          },
          {
            "MonsterName": "green slime",
            "Settings": {
              "RelatedSkill": "Combat",
              "MaximumSkillLevel": 3,
              "SpawnWeight": 2
            }
          }
        ],
        "UniqueAreaID": "Farm monster area 1",
        "MapName": "Farm",
        "MinimumSpawnsPerDay": 5,
        "MaximumSpawnsPerDay": 8,
        "IncludeTerrainTypes": [
          "Dirt",
          "Diggable",
          "Grass"
        ],
        "ExcludeTerrainTypes": [],
        "IncludeCoordinates": [],
        "ExcludeCoordinates": [],
        "StrictTileChecking": "Maximum",
        "SpawnTiming": {
          "StartTime": 1900,
          "EndTime": 2550,
          "MinimumTimeBetweenSpawns": 10,
          "MaximumSimultaneousSpawns": 1,
          "OnlySpawnIfAPlayerIsPresent": true,
          "SpawnSound": ""
        },
        "ExtraConditions": {
          "Years": [],
          "Seasons": [],
          "Days": [],
          "WeatherYesterday": [],
          "WeatherToday": [],
          "WeatherTomorrow": [],
          "GameStateQueries": [],
          "CPConditions": {},
          "EPUPreconditions": [],
          "LimitedNumberOfSpawns": null
        },
        "DaysUntilSpawnsExpire": null
      },
      {
        "MonsterTypes": [
          {
            "MonsterName": "iridium bat",
            "Settings": {
              "RelatedSkill": "Combat",
              "MinimumSkillLevel": 10,
              "SpawnWeight": 4
            }
          },
          {
            "MonsterName": "serpent",
            "Settings": {
              "RelatedSkill": "Combat",
              "MinimumSkillLevel": 10,
              "SpawnWeight": 3
            }
          },
          {
            "MonsterName": "lava bat",
            "Settings": {
              "RelatedSkill": "Combat",
              "MinimumSkillLevel": 8,
              "SpawnWeight": 4
            }
          },
          {
            "MonsterName": "frost bat",
            "Settings": {
              "RelatedSkill": "Combat",
              "MinimumSkillLevel": 5,
              "SpawnWeight": 2
            }
          },
          {
            "MonsterName": "bat",
            "Settings": {
              "SpawnWeight": 2
            }
          }
        ],
        "UniqueAreaID": "Farm monster area 2",
        "MapName": "Farm",
        "MinimumSpawnsPerDay": 2,
        "MaximumSpawnsPerDay": 3,
        "IncludeTerrainTypes": [
          "Dirt",
          "Diggable",
          "Grass"
        ],
        "ExcludeTerrainTypes": [],
        "IncludeCoordinates": [],
        "ExcludeCoordinates": [],
        "StrictTileChecking": "Maximum",
        "SpawnTiming": {
          "StartTime": 1900,
          "EndTime": 2550,
          "MinimumTimeBetweenSpawns": 10,
          "MaximumSimultaneousSpawns": 1,
          "OnlySpawnIfAPlayerIsPresent": true,
          "SpawnSound": ""
        },
        "ExtraConditions": {
          "Years": [],
          "Seasons": [],
          "Days": [],
          "WeatherYesterday": [],
          "WeatherToday": [],
          "WeatherTomorrow": [],
          "GameStateQueries": [],
          "CPConditions": {},
          "EPUPreconditions": [],
          "LimitedNumberOfSpawns": null
        },
        "DaysUntilSpawnsExpire": null
      }
    ],
    "CustomTileIndex": []
  },
  "QuarryTileIndex": [
    556,
    558,
    583,
    606,
    607,
    608,
    630,
    635,
    636,
    680,
    681,
    685
  ],
  "File_Conditions": {
    "FarmTypes": [],
    "FarmerNames": [],
    "SaveFileNames": [],
    "OtherMods": {}
  }
}